path,filename,split,class,width,height,channels,aspect_ratio,total_pixels,file_size_kb,mode,mean_r,mean_g,mean_b,std_r,std_g,std_b,channel_variance,is_grayscale_like,mean_intensity,std_intensity,min_intensity,max_intensity,dynamic_range,brightness,contrast,sharpness,edge_density,hist_entropy,unique_values,is_uniform,is_valid,outlier_count,is_outlier,width_zscore,height_zscore,aspect_ratio_zscore,file_size_kb_zscore,mean_intensity_zscore,std_intensity_zscore,dynamic_range_zscore,brightness_zscore,contrast_zscore,sharpness_zscore,edge_density_zscore,mean_r_zscore,mean_g_zscore,mean_b_zscore,channel_variance_zscore
chest_xray_dataset/test/pneumonia/pneumonia-288.jpg,pneumonia-288.jpg,test,pneumonia,1432,1016,3,1.4094488188976377,1454912,129.041015625,RGB,201.83959785883957,201.83959785883957,201.83959785883957,23.327008886634673,23.327008886634673,23.327008886634673,8.077935669463161e-28,True,201.83959785883957,23.327008886639433,0,255,255,201.83959785883957,23.327008886639433,77.4581484945934,0.005253238683851669,4.312053,248,False,True,8,True,0.32399744078129517,0.16562486246802938,0.17636330511352658,0.40135546903269204,4.3441551642095115,3.6741259724596413,0.20233322432953693,4.3441551642095115,3.6741259724596413,0.6325025584097098,0.6291094818036893,4.3441551642095115,4.3441551642095115,4.3441551642095115,10.285808168544243
chest_xray_dataset/val/pneumonia/pneumonia-5752.jpg,pneumonia-5752.jpg,val,pneumonia,1568,1184,3,1.3243243243243243,1856512,176.4404296875,RGB,58.72244887186294,58.72244887186294,58.72244887186294,25.439762251742586,25.439762251742586,25.439762251742586,5.048709793414476e-29,True,58.72244887186294,25.439762251747307,0,255,255,58.72244887186294,25.439762251747307,69.7932579360881,0.004522459321566465,4.5413375,189,False,True,7,True,0.7113134555447538,0.6210851010365644,0.5192455289987338,0.18742100421757674,3.498923712724683,3.444386540735671,0.20233322432953693,3.498923712724683,3.444386540735671,0.7029174449436859,0.7183844007942213,3.498923712724683,3.498923712724683,3.498923712724683,0.2510909248098863
chest_xray_dataset/test/pneumonia/pneumonia-354.jpg,pneumonia-354.jpg,test,pneumonia,1208,896,3,1.3482142857142858,1082368,110.2373046875,RGB,67.17763274597918,67.17763274597918,67.17763274597918,29.03170681269089,29.03170681269089,29.03170681269089,0.0,True,67.17763274597918,29.03170681272202,0,255,255,67.17763274597918,29.03170681272202,104.97564498770673,0.01779339374408704,4.71835,235,False,True,7,True,0.31393481882910734,0.15970387936663852,0.42301655129987825,0.48622491131414836,3.035564328380671,3.0538008169826276,0.20233322432953693,3.035564328380671,3.0538008169826276,0.3797081605677774,0.9028458318088779,3.035564328380671,3.035564328380671,3.035564328380671,0.4178902247724041
chest_xray_dataset/train/pneumonia/pneumonia-3546.jpg,pneumonia-3546.jpg,train,pneumonia,1344,600,3,2.24,806400,103.6259765625,RGB,66.24880580357143,66.24880580357143,66.24880580357143,43.409222486841585,43.409222486841585,43.409222486841585,0.0,True,66.24880580357143,43.40922248684246,0,255,255,66.24880580357143,43.40922248684246,264.71337474251135,0.015070684523809524,5.0006275,223,False,True,6,True,0.07338119593435131,0.9621814425588193,3.1691042651120553,0.516064751576182,3.086465726458329,1.49039908011863,0.20233322432953693,3.086465726458329,1.49039908011863,1.0877510327534272,0.5702288236944838,3.086465726458329,3.086465726458329,3.086465726458329,0.4178902247724041
chest_xray_dataset/train/pneumonia/pneumonia-1055.jpg,pneumonia-1055.jpg,train,pneumonia,968,752,3,1.2872340425531914,727936,70.39453125,RGB,67.8105300465975,67.8105300465975,67.8105300465975,33.09205121209531,33.09205121209531,33.09205121209531,0.0,True,67.8105300465975,33.09205121207618,0,255,255,67.8105300465975,33.09205121207618,116.10749222214059,0.00938681422542641,4.8022094,186,False,True,5,True,0.9974336684116815,0.55009836956824,0.6686455150070149,0.6660529235520677,3.000880410451311,2.6122815983569354,0.20233322432953693,3.000880410451311,2.6122815983569354,0.2774434571198692,0.12413542169701033,3.000880410451311,3.000880410451311,3.000880410451311,0.4178902247724041
chest_xray_dataset/val/pneumonia/pneumonia-5721.jpg,pneumonia-5721.jpg,val,pneumonia,654,389,3,1.6812339331619537,254406,22.685546875,RGB,184.1401814422616,184.1401814422616,184.1401814422616,35.30602992793091,35.30602992793091,35.30602992793091,0.0,True,184.1401814422616,35.3060299279278,7,235,228,184.1401814422616,35.3060299279278,8.07217686925296,0.0010337806498274412,4.6593714,228,False,True,5,True,1.8916779966155493,1.5342178136181104,0.9183895608501444,0.8813846157472516,3.374195099929883,2.371534987593522,2.058841054187642,3.374195099929883,2.371534987593522,1.269929183324338,1.144575289422445,3.374195099929883,3.374195099929883,3.374195099929883,0.4178902247724041
chest_xray_dataset/train/pneumonia/pneumonia-3898.jpg,pneumonia-3898.jpg,train,pneumonia,1080,768,3,1.40625,829440,71.6630859375,RGB,179.00796561535495,179.00796561535495,179.00796561535495,35.17614910723958,35.17614910723958,35.17614910723958,0.0,True,179.00796561535495,35.17614910723792,0,255,255,179.00796561535495,35.17614910723792,201.86347407830135,0.0037736304012345677,4.3554125,256,False,True,5,True,0.6784675386064802,0.5067212039902843,0.18924817618296264,0.6603273766539315,3.0929403807798965,2.38565814386435,0.20233322432953693,3.0929403807798965,2.38565814386435,0.5103691914652682,0.8098643257216949,3.0929403807798965,3.0929403807798965,3.0929403807798965,0.4178902247724041
chest_xray_dataset/test/pneumonia/pneumonia-12.jpg,pneumonia-12.jpg,test,pneumonia,1408,1152,3,1.2222222222222223,1622016,152.5556640625,RGB,187.41848477450284,187.41848477450284,187.41848477450284,40.99014036710451,40.99014036710451,40.99014036710451,0.0,True,187.41848477450284,40.99014036716365,0,255,255,187.41848477450284,40.99014036716365,76.25108317381749,0.005734838620580808,4.5712013,249,False,True,5,True,0.2556475558230378,0.534330769880653,0.9305137075366018,0.2952234876930303,3.5538520578785353,1.753448502094229,0.20233322432953693,3.5538520578785353,1.753448502094229,0.6435914796347126,0.5702753143979609,3.5538520578785353,3.5538520578785353,3.5538520578785353,0.4178902247724041
chest_xray_dataset/test/pneumonia/pneumonia-100.jpg,pneumonia-100.jpg,test,pneumonia,1824,1672,3,1.0909090909090908,3049728,268.130859375,RGB,184.17222060459162,184.17222060459162,184.17222060459162,68.60800539510778,68.60800539510778,68.60800539510778,0.0,True,184.17222060459162,68.60800539521894,0,255,255,184.17222060459162,68.60800539521894,72.97649318031316,0.0065271394694871145,4.7310596,256,False,True,5,True,1.4403788950994996,1.944088651164214,1.4594441724476042,0.22641835206641261,3.375950904032214,1.2497002429325126,0.20233322432953693,3.375950904032214,1.2497002429325126,0.6736740856520992,0.47348468544388933,3.375950904032214,3.375950904032214,3.375950904032214,0.4178902247724041
chest_xray_dataset/val/pneumonia/pneumonia-5302.jpg,pneumonia-5302.jpg,val,pneumonia,936,496,3,1.8870967741935485,464256,55.470703125,RGB,67.63426213123793,67.63426213123793,67.63426213123793,36.34855856836695,36.34855856836695,36.34855856836695,0.0,True,67.63426213123793,36.34855856836704,0,255,255,67.63426213123793,36.34855856836704,164.3941147051874,0.016523211331679073,4.882977,198,False,True,5,True,1.0885668483560247,1.2441330188155315,1.7476069218700958,0.733410743180487,3.0105402113446598,2.258171098856682,0.20233322432953693,3.0105402113446598,2.258171098856682,0.16615022726480655,0.7476752867399487,3.0105402113446598,3.0105402113446598,3.0105402113446598,0.4178902247724041
chest_xray_dataset/test/pneumonia/pneumonia-418.jpg,pneumonia-418.jpg,test,pneumonia,2359,2234,3,1.0559534467323186,5270006,1881.7861328125,RGB,124.39345439075402,124.39345439075402,124.39345439075402,56.383809634931275,56.383809634931275,56.383809634931275,0.0,True,124.39345439075402,56.38380963494105,0,255,255,124.39345439075402,56.38380963494105,731.4929345405606,0.0499898861595224,5.3063636,256,False,True,4,True,2.9640117472939878,3.4677115920899086,1.6002458191739646,7.509556427649878,0.09996628653818096,0.07955088198779613,0.20233322432953693,0.09996628653818096,0.07955088198779613,5.375904854217573,4.8360976455697156,0.09996628653818096,0.09996628653818096,0.09996628653818096,0.4178902247724041
chest_xray_dataset/val/pneumonia/pneumonia-5532.jpg,pneumonia-5532.jpg,val,pneumonia,2564,2519,3,1.0178642318380309,6458716,2086.998046875,RGB,154.54513095172476,154.54513095172476,154.54513095172476,66.73159113858048,66.73159113858048,66.73159113858048,0.0,True,154.54513095172476,66.73159113856863,0,255,255,154.54513095172476,66.73159113856863,612.8605256817493,0.015401513241950876,5.3161,256,False,True,4,True,3.5478336813124365,4.240367353947245,1.7536695167178828,8.435768320285474,1.752332751447434,1.045660172699522,0.20233322432953693,1.752332751447434,1.045660172699522,4.286067035231879,0.610644178227011,1.752332751447434,1.752332751447434,1.752332751447434,0.4178902247724041
chest_xray_dataset/train/pneumonia/pneumonia-695.jpg,pneumonia-695.jpg,train,pneumonia,2553,2305,3,1.1075921908893709,5884665,1860.7451171875,RGB,140.7499251019387,140.7499251019387,140.7499251019387,76.27204093943541,76.27204093943541,76.27204093943541,0.0,True,140.7499251019387,76.27204093953283,0,255,255,140.7499251019387,76.27204093953283,548.3512607841739,0.014684778147948949,5.2636724,256,False,True,4,True,3.5165066507065683,3.660197764342087,1.3922444968288428,7.414589042378714,0.9963304947698512,2.0830825012412495,0.20233322432953693,0.9963304947698512,2.0830825012412495,3.6934411479499625,0.523084963015182,0.9963304947698512,0.9963304947698512,0.9963304947698512,0.4178902247724041
chest_xray_dataset/test/pneumonia/pneumonia-560.jpg,pneumonia-560.jpg,test,pneumonia,2442,2226,3,1.0970350404312668,5435892,1271.390625,RGB,125.74698522340032,125.74698522340032,125.74698522340032,52.317732204476194,52.317732204476194,52.317732204476194,0.0,True,125.74698522340032,52.317732204479945,0,255,255,125.74698522340032,52.317732204479945,143.91671982927343,0.00039809473771737925,5.0258703,236,False,True,3,True,3.200388432774628,3.446023009300931,1.4347687930976198,4.754572239085201,0.1741422267238911,0.5216935067006908,0.20233322432953693,0.1741422267238911,0.5216935067006908,0.021969019277976173,1.222233213600249,0.1741422267238911,0.1741422267238911,0.1741422267238911,0.4178902247724041
chest_xray_dataset/test/pneumonia/pneumonia-449.jpg,pneumonia-449.jpg,test,pneumonia,635,448,3,1.4174107142857142,284480,22.14453125,RGB,167.16809969066367,167.16809969066367,167.16809969066367,28.13399351924398,28.13399351924398,28.13399351924398,0.0,True,167.16809969066367,28.133993519246747,10,205,195,167.16809969066367,28.133993519246747,11.348154569027566,0.00406706974128234,4.395555,196,False,True,3,True,1.945788322207503,1.3742645155493987,0.14429271942970998,0.883826457919359,2.4440942921247255,3.151417578740114,4.822498505708638,2.4440942921247255,3.151417578740114,1.2398338288953703,0.7740166066105796,2.4440942921247255,2.4440942921247255,2.4440942921247255,0.4178902247724041
chest_xray_dataset/val/pneumonia/pneumonia-5357.jpg,pneumonia-5357.jpg,val,pneumonia,842,496,3,1.6975806451612903,417632,39.4052734375,RGB,122.94689104283196,122.94689104283196,122.94689104283196,28.97433084395184,28.97433084395184,28.97433084395184,0.0,True,122.94689104283196,28.97433084395362,24,185,161,122.94689104283196,28.97433084395362,14.655736113392583,0.002988276760401502,4.698329,162,False,True,3,True,1.3562705644425328,1.2441330188155315,0.9842342626793721,0.8059211142514939,0.02069199608073851,3.0600398426432456,7.669903152730271,0.02069199608073851,3.0600398426432456,1.2094481401016932,0.9058062560535045,0.02069199608073851,0.02069199608073851,0.02069199608073851,0.4178902247724041
chest_xray_dataset/train/pneumonia/pneumonia-2772.jpg,pneumonia-2772.jpg,train,pneumonia,1189,720,3,1.6513888888888888,856080,85.6484375,RGB,143.26368213251098,143.26368213251098,143.26368213251098,28.1597844369884,28.1597844369884,28.1597844369884,0.0,True,143.26368213251098,28.15978443699228,62,198,136,143.26368213251098,28.15978443699228,20.544378278756493,0.0014858424446313428,4.6302643,137,False,True,3,True,0.3680451444210611,0.6368527007241515,0.7981734561484889,0.5972053157392218,1.1340889311821114,3.1486130910586114,9.763583040246177,1.1340889311821114,3.1486130910586114,1.1553510767779154,1.0893496191412935,1.1340889311821114,1.1340889311821114,1.1340889311821114,0.4178902247724041
chest_xray_dataset/train/pneumonia/pneumonia-5230.jpg,pneumonia-5230.jpg,train,pneumonia,2844,2067,3,1.3759071117561683,5878548,1527.5126953125,RGB,120.60562999570642,120.60562999570642,120.60562999570642,64.28671254346644,64.28671254346644,64.28671254346644,0.0,True,120.60562999570642,64.2867125432484,0,255,255,120.60562999570642,64.2867125432484,237.7771524578927,0.0030383353168163293,5.040822,256,False,True,3,True,4.34524900582544,3.014962426369996,0.3114696008421699,5.910564124710507,0.10761334813604811,0.7798056586804234,0.20233322432953693,0.10761334813604811,0.7798056586804234,0.8402966142789577,0.8996909033227679,0.10761334813604811,0.10761334813604811,0.10761334813604811,0.4178902247724041
chest_xray_dataset/train/pneumonia/pneumonia-2945.jpg,pneumonia-2945.jpg,train,pneumonia,1805,1421,3,1.2702322308233638,2564905,890.05078125,RGB,143.38855123289167,143.38855123289167,143.38855123289167,72.8096747550684,72.8096747550684,72.8096747550684,0.0,True,143.38855123289167,72.80967475459697,0,255,255,143.38855123289167,72.80967475459697,824.0276975500605,0.0448515637031391,5.3631787,256,False,True,3,True,1.3862685695075458,1.2636093661600336,0.7371289643974854,3.0334173050228563,1.1409319839574759,1.7065870461236845,0.20233322432953693,1.1409319839574759,1.7065870461236845,6.225991986972789,4.208379698518794,1.1409319839574759,1.1409319839574759,1.1409319839574759,0.4178902247724041
chest_xray_dataset/val/pneumonia/pneumonia-5379.jpg,pneumonia-5379.jpg,val,pneumonia,2418,2260,3,1.0699115044247787,5464680,1047.00390625,RGB,118.13772444132135,118.13772444132135,118.13772444132135,65.56546351357564,65.56546351357564,65.56546351357564,2.0194839173657902e-28,True,118.13772444132135,65.56546351358811,0,255,255,118.13772444132135,65.56546351358811,65.00801709430344,0.0018041312574569783,5.230402,256,False,True,3,True,3.1320385478163706,3.538199486154087,1.5440226382117939,3.741815994375007,0.24285904063951927,0.9188562104836254,0.20233322432953693,0.24285904063951927,0.9188562104836254,0.7468779148734382,1.0504661894125933,0.24285904063951927,0.24285904063951927,0.24285904063951927,2.2580343735567574
chest_xray_dataset/test/pneumonia/pneumonia-452.jpg,pneumonia-452.jpg,test,pneumonia,738,427,3,1.7283372365339578,315126,29.9521484375,RGB,136.92299270767884,136.92299270767884,136.92299270767884,26.89249404209693,26.89249404209693,26.89249404209693,0.0,True,136.92299270767884,26.89249404209675,57,227,170,136.92299270767884,26.89249404209675,19.18289380263366,0.0035319205651072904,4.6413584,169,False,True,3,True,1.6524533992616484,1.4311970453704654,1.1081220872338682,0.8485872374031168,0.7866076709340727,3.286417427315191,6.916178393224545,0.7866076709340727,3.286417427315191,1.1678585971622188,0.8393925624961974,0.7866076709340727,0.7866076709340727,0.7866076709340727,0.4178902247724041
chest_xray_dataset/val/pneumonia/pneumonia-5270.jpg,pneumonia-5270.jpg,val,pneumonia,1857,1815,3,1.0231404958677686,3370455,1072.775390625,RGB,156.18831819442775,156.18831819442775,156.18831819442775,64.2069386728266,64.2069386728266,64.2069386728266,0.0,True,156.18831819442775,64.20693867275386,0,255,255,156.18831819442775,64.20693867275386,535.6550593531801,0.022604959864469337,5.2711716,256,False,True,2,True,1.5343599869171034,2.331772068517193,1.7324166781149601,3.8581340718513837,1.8423823873248533,0.7711310997013633,0.20233322432953693,1.8423823873248533,0.7711310997013633,3.576805225186016,1.490645922757635,1.8423823873248533,1.8423823873248533,1.8423823873248533,0.4178902247724041
chest_xray_dataset/train/pneumonia/pneumonia-2493.jpg,pneumonia-2493.jpg,train,pneumonia,992,464,3,2.1379310344827585,460288,68.029296875,RGB,129.36340291295883,129.36340291295883,129.36340291295883,67.94567063530576,67.94567063530576,67.94567063530576,0.0,True,129.36340291295883,67.94567063530182,0,255,255,129.36340291295883,67.94567063530182,569.0512194242913,0.05731194382647386,5.0302086,255,False,True,2,True,0.929083783453424,1.3308873499714429,2.7579695610337516,0.6767282696546741,0.37232846360685623,1.1776783903739576,0.20233322432953693,0.37232846360685623,1.1776783903739576,3.883605016276101,5.730589387943225,0.37232846360685623,0.37232846360685623,0.37232846360685623,0.4178902247724041
chest_xray_dataset/train/pneumonia/pneumonia-1807.jpg,pneumonia-1807.jpg,train,pneumonia,2426,2076,3,1.1685934489402698,5036376,498.6025390625,RGB,136.24049792946357,136.24049792946357,136.24049792946357,61.8006018571748,61.8006018571748,61.8006018571748,0.0,True,136.24049792946357,61.8006018571369,0,255,255,136.24049792946357,61.8006018571369,35.77890151934997,0.00133449130883,5.2983994,256,False,True,2,True,3.1548218428024564,3.039362082007596,1.1465308849580136,1.2666387097267882,0.7492057214365657,0.5094675938296859,0.20233322432953693,0.7492057214365657,0.5094675938296859,1.0153964072105521,1.1078392770122236,0.7492057214365657,0.7492057214365657,0.7492057214365657,0.4178902247724041
chest_xray_dataset/train/pneumonia/pneumonia-4523.jpg,pneumonia-4523.jpg,train,pneumonia,1312,712,3,1.8426966292134832,934144,135.2275390625,RGB,127.99734516305837,127.99734516305837,127.99734516305837,67.40834178199218,67.40834178199218,67.40834178199218,0.0,True,127.99734516305837,67.40834178201419,0,255,255,127.99734516305837,67.40834178201419,572.0164578100814,0.06298386544258701,5.131008,256,False,True,2,True,0.017751984009991898,0.6585412835131292,1.5687627416150374,0.3734329597180711,0.29746602567573494,1.1192495990905553,0.20233322432953693,0.29746602567573494,1.1192495990905553,3.910845708480103,6.423493934694135,0.29746602567573494,0.29746602567573494,0.29746602567573494,0.4178902247724041
chest_xray_dataset/val/pneumonia/pneumonia-5443.jpg,pneumonia-5443.jpg,val,pneumonia,2202,2129,3,1.0342883983090654,4688058,1055.546875,RGB,120.5882877302286,120.5882877302286,120.5882877302286,65.70073352499156,65.70073352499156,65.70073352499156,0.0,True,120.5882877302286,65.7007335251704,0,255,255,120.5882877302286,65.7007335251704,136.68730095276808,0.0016081285683752207,5.108856,256,False,True,2,True,2.5168895831920537,3.1830489429845743,1.6875128275853677,3.780374180876081,0.10856373568226502,0.9335653838795575,0.20233322432953693,0.10856373568226502,0.9335653838795575,0.08838336740338223,1.0744106589649112,0.10856373568226502,0.10856373568226502,0.10856373568226502,0.4178902247724041
chest_xray_dataset/val/pneumonia/pneumonia-5666.jpg,pneumonia-5666.jpg,val,pneumonia,1216,816,3,1.4901960784313726,992256,142.4580078125,RGB,134.31442188306244,134.31442188306244,134.31442188306244,72.21861342666608,72.21861342666608,72.21861342666608,0.0,True,134.31442188306244,72.21861342660905,0,255,255,134.31442188306244,72.21861342660905,989.0581710595744,0.09841613454592363,5.033244,256,False,True,2,True,0.29115152384302156,0.3765897072564171,0.1488873769650351,0.34079866469590014,0.6436532669485832,1.642315420363417,0.20233322432953693,0.6436532669485832,1.642315420363417,7.742073916404389,10.752041122944622,0.6436532669485832,0.6436532669485832,0.6436532669485832,0.4178902247724041
chest_xray_dataset/train/pneumonia/pneumonia-2739.jpg,pneumonia-2739.jpg,train,pneumonia,1576,944,3,1.6694915254237288,1487744,201.7470703125,RGB,125.8145541168373,125.8145541168373,125.8145541168373,78.49605023742976,78.49605023742976,78.49605023742976,0.0,True,125.8145541168373,78.49605023741535,0,255,255,125.8145541168373,78.49605023741535,684.99002382065,0.0524310634087585,5.0396976,256,False,True,2,True,0.7340967505308397,0.029572382632771354,0.8710910376785114,0.07320097163997824,0.1778451244171763,2.3249198309942507,0.20233322432953693,0.1778451244171763,2.3249198309942507,4.948697556624967,5.134321586220667,0.1778451244171763,0.1778451244171763,0.1778451244171763,0.4178902247724041
chest_xray_dataset/train/pneumonia/pneumonia-2622.jpg,pneumonia-2622.jpg,train,pneumonia,1128,736,3,1.5326086956521738,830208,121.966796875,RGB,131.32843937904718,131.32843937904718,131.32843937904718,63.183517312901685,63.183517312901685,63.183517312901685,0.0,True,131.32843937904718,63.18351731287902,0,255,255,131.32843937904718,63.18351731287902,487.61272092417266,0.045016429617637986,5.136979,252,False,True,2,True,0.5417677686899653,0.5934755351461957,0.3197257776669109,0.43328453887880314,0.4800160196312248,0.6598449242703682,0.20233322432953693,0.4800160196312248,0.6598449242703682,3.135455699907846,4.228520375610662,0.4800160196312248,0.4800160196312248,0.4800160196312248,0.4178902247724041
chest_xray_dataset/train/pneumonia/pneumonia-4346.jpg,pneumonia-4346.jpg,train,pneumonia,1360,832,3,1.6346153846153846,1131520,180.1630859375,RGB,143.69293428308825,143.69293428308825,143.69293428308825,77.27696646943662,77.27696646943662,77.27696646943662,0.0,True,143.69293428308825,77.27696646947523,0,255,255,143.69293428308825,77.27696646947523,1907.6328523698937,0.11367099123303168,5.295831,256,False,True,2,True,0.11894778590652293,0.33321254167846137,0.7306096312297539,0.17061901439795008,1.157612726191314,2.192357452111858,0.20233322432953693,1.157612726191314,2.192357452111858,16.180724339883188,12.615635205151667,1.157612726191314,1.157612726191314,1.157612726191314,0.4178902247724041
chest_xray_dataset/train/pneumonia/pneumonia-4361.jpg,pneumonia-4361.jpg,train,pneumonia,2218,2183,3,1.016032982134677,4841894,961.3154296875,RGB,99.10522431924367,99.10522431924367,99.10522431924367,60.56334406571469,60.56334406571469,60.56334406571469,0.0,True,99.10522431924367,60.56334406549648,0,255,255,99.10522431924367,60.56334406549648,91.77708552668604,0.0025118269834077324,4.946068,254,False,True,2,True,2.5624561731642252,3.329446876810175,1.7610458068670634,3.3550661001664177,1.285874505517865,0.3749289833880403,0.20233322432953693,1.285874505517865,0.3749289833880403,0.500959085126437,0.9640112594230106,1.285874505517865,1.285874505517865,1.285874505517865,0.4178902247724041
chest_xray_dataset/train/pneumonia/pneumonia-2316.jpg,pneumonia-2316.jpg,train,pneumonia,399,164,3,2.432926829268293,65436,9.240234375,RGB,133.5231829573935,133.5231829573935,133.5231829573935,42.71509895029964,42.71509895029964,42.71509895029964,0.0,True,133.5231829573935,42.715098950299144,0,205,205,133.5231829573935,42.715098950299144,33.24027828890958,0.024191576502231187,4.857462,206,False,True,2,True,2.617895524297034,2.1442092045581127,3.9462152552943377,0.9420692421472043,0.6002919412902097,1.5658776236463794,3.9850265507022757,0.6002919412902097,1.5658776236463794,1.0387179230703736,1.6844733337593414,0.6002919412902097,0.6002919412902097,0.6002919412902097,0.4178902247724041
chest_xray_dataset/train/pneumonia/pneumonia-2911.jpg,pneumonia-2911.jpg,train,pneumonia,1955,1672,3,1.1692583732057416,3268760,1076.099609375,RGB,152.90404557079748,152.90404557079748,152.90404557079748,63.87220948162131,63.87220948162131,63.87220948162131,0.0,True,152.90404557079748,63.87220948150242,0,255,255,152.90404557079748,63.87220948150242,694.2701150112757,0.024663175026615598,5.3666553,256,False,True,2,True,1.8134553504966546,1.944088651164214,1.1438525640821837,3.8731377374720575,1.662398301400728,0.7347328643703768,0.20233322432953693,1.662398301400728,0.7347328643703768,5.0339507723395425,1.742085688778258,1.662398301400728,1.662398301400728,1.662398301400728,0.4178902247724041
chest_xray_dataset/train/pneumonia/pneumonia-2188.jpg,pneumonia-2188.jpg,train,pneumonia,2431,2195,3,1.1075170842824602,5336045,450.755859375,RGB,110.0321434695547,110.0321434695547,110.0321434695547,58.41396408703888,58.41396408703888,58.41396408703888,0.0,True,110.0321434695547,58.413964087117954,0,255,255,110.0321434695547,58.413964087117954,27.88149934127184,0.0008442582474473135,5.11878,251,False,True,2,True,3.1690614021687598,3.3619797509936418,1.3925470269118123,1.0506855378452016,0.6870595529815293,0.1412067974733821,0.20233322432953693,0.6870595529815293,0.1412067974733821,1.0879473032785305,1.167728101327899,0.6870595529815293,0.6870595529815293,0.6870595529815293,0.4178902247724041
chest_xray_dataset/train/pneumonia/pneumonia-2693.jpg,pneumonia-2693.jpg,train,pneumonia,400,138,3,2.898550724637681,55200,7.0615234375,RGB,144.40605072463768,144.40605072463768,144.40605072463768,47.698949259812615,47.698949259812615,47.698949259812615,0.0,True,144.40605072463768,47.69894925981264,9,219,210,144.40605072463768,47.69894925981264,27.29027510501995,0.020489130434782607,4.567897,208,False,True,2,True,2.6150476124237736,2.2146970986222905,5.821752461578093,0.9519027256958893,1.1966927982798083,1.023936970840223,3.566290573199095,1.1966927982798083,1.023936970840223,1.0933786903536686,1.2321677682262988,1.1966927982798083,1.1966927982798083,1.1966927982798083,0.4178902247724041
chest_xray_dataset/train/pneumonia/pneumonia-4291.jpg,pneumonia-4291.jpg,train,pneumonia,1720,1128,3,1.524822695035461,1940160,159.197265625,RGB,144.4315082261257,144.4315082261257,144.4315082261257,87.48049350937308,87.48049350937308,87.48049350937308,0.0,True,144.4315082261257,87.48049350932348,0,255,255,144.4315082261257,87.48049350932348,111.43989147497386,0.005663450437077355,4.85913,256,False,True,2,True,1.144196060280384,0.4692650215137194,0.28836369769202425,0.265247010053135,1.1980879154519528,3.301882369893832,0.20233322432953693,1.1980879154519528,3.301882369893832,0.3203232053026977,0.5789963793705986,1.1980879154519528,1.1980879154519528,1.1980879154519528,0.4178902247724041
chest_xray_dataset/val/pneumonia/pneumonia-5792.jpg,pneumonia-5792.jpg,val,pneumonia,486,191,3,2.5445026178010473,92826,12.029296875,RGB,121.17333505698835,121.17333505698835,121.17333505698835,42.46498454751524,42.46498454751524,42.46498454751524,2.0194839173657902e-28,True,121.17333505698835,42.46498454751565,0,195,195,121.17333505698835,42.46498454751565,38.45136020595722,0.027007519444983086,4.8659935,189,False,True,2,True,2.370127191323351,2.0710102376453126,4.395643527328391,0.9294809727545355,0.07650208295234823,1.5930749017150985,4.822498505708638,0.07650208295234823,1.5930749017150985,0.9908453880214556,2.028480144939682,0.07650208295234823,0.07650208295234823,0.07650208295234823,2.2580343735567574
chest_xray_dataset/test/pneumonia/pneumonia-250.jpg,pneumonia-250.jpg,test,pneumonia,1962,2169,3,0.9045643153526971,4255578,945.9443359375,RGB,131.07298585527042,131.07298585527042,131.07298585527042,61.53098495075119,61.53098495075119,61.53098495075119,0.0,True,131.07298585527042,61.53098495089932,0,255,255,131.07298585527042,61.53098495089932,112.1312099304952,0.003659902368138946,5.228924,256,False,True,2,True,1.8333907336094797,3.2914918569294636,2.210042591532926,3.2856895734715272,0.46601670403170664,0.48014962617422596,0.20233322432953693,0.46601670403170664,0.48014962617422596,0.3139722847992911,0.8237577954412212,0.46601670403170664,0.46601670403170664,0.46601670403170664,0.4178902247724041
chest_xray_dataset/test/pneumonia/pneumonia-159.jpg,pneumonia-159.jpg,test,pneumonia,486,186,3,2.6129032258064515,90396,11.203125,RGB,131.19112571352716,131.19112571352716,131.19112571352716,58.60471840742869,58.60471840742869,58.60471840742869,0.0,True,131.19112571352716,58.6047184074305,0,201,201,131.19112571352716,58.6047184074305,32.00963529288336,0.02471348289747334,4.756012,202,False,True,2,True,2.370127191323351,2.0845656018884235,4.671161786855843,0.9332098508729522,0.4724909821554397,0.16194929864329896,4.320015332704821,0.4724909821554397,0.16194929864329896,1.0500234448214782,1.748231498754838,0.4724909821554397,0.4724909821554397,0.4724909821554397,0.4178902247724041
chest_xray_dataset/val/pneumonia/pneumonia-5359.jpg,pneumonia-5359.jpg,val,pneumonia,462,241,3,1.9170124481327802,111342,15.3427734375,RGB,139.9977367031309,139.9977367031309,139.9977367031309,47.33990058428036,47.33990058428036,47.33990058428036,0.0,True,139.9977367031309,47.33990058428061,0,215,215,139.9977367031309,47.33990058428061,43.141794372229995,0.0387903935621778,5.006068,215,False,True,2,True,2.4384770762816084,1.9354565952142007,1.8681075234974474,0.9145257913647157,0.9551092086841344,1.0629796911313163,3.1475545956959134,0.9551092086841344,1.0629796911313163,0.9477558765545643,3.4679230008500794,0.9551092086841344,0.9551092086841344,0.9551092086841344,0.4178902247724041
chest_xray_dataset/val/pneumonia/pneumonia-5567.jpg,pneumonia-5567.jpg,val,pneumonia,482,209,3,2.3062200956937797,100738,15.7275390625,RGB,147.74661001806666,147.74661001806666,147.74661001806666,67.58431988487283,67.58431988487283,67.58431988487283,0.0,True,147.74661001806666,67.58431988487617,0,240,240,147.74661001806666,67.58431988487617,80.14073080056504,0.07571125096785722,5.1633472,240,False,True,2,True,2.381518838816394,2.022210926370112,3.435839401587011,0.9127891743686681,1.379761495615466,1.1383853439508214,1.0538747081800068,1.379761495615466,1.1383853439508214,0.6078585367826247,7.97832206801288,1.379761495615466,1.379761495615466,1.379761495615466,0.4178902247724041
chest_xray_dataset/val/pneumonia/pneumonia-5378.jpg,pneumonia-5378.jpg,val,pneumonia,2458,1870,3,1.3144385026737968,4596460,926.08984375,RGB,115.30300470361975,115.30300470361975,115.30300470361975,68.71881184066153,68.71881184066153,68.71881184066153,0.0,True,115.30300470361975,68.71881184020967,0,255,255,115.30300470361975,68.71881184020967,108.1716365672145,0.0020082846364376065,4.8639393,256,False,True,2,True,3.2459550227467995,2.480881075191416,0.5590657068389212,3.196077491881068,0.398206814502867,1.2617492639512171,0.20233322432953693,0.398206814502867,1.2617492639512171,0.3503476129230543,1.0255259991024215,0.398206814502867,0.398206814502867,0.398206814502867,0.4178902247724041
chest_xray_dataset/val/pneumonia/pneumonia-5405.jpg,pneumonia-5405.jpg,val,pneumonia,1709,1787,3,0.9563514269725797,3053983,946.708984375,RGB,151.59276623347282,151.59276623347282,151.59276623347282,71.96696262239925,71.96696262239925,71.96696262239925,0.0,True,151.59276623347282,71.96696262249853,0,255,255,151.59276623347282,71.96696262249853,493.82733002521184,0.022070194889755444,5.32222,256,False,True,2,True,1.112869029674516,2.2558620287557707,2.0014436437233303,3.28914076917687,1.590537819654636,1.6149510750100822,0.20233322432953693,1.590537819654636,1.6149510750100822,3.1925473167238363,1.4253169024535222,1.590537819654636,1.590537819654636,1.590537819654636,0.4178902247724041
chest_xray_dataset/val/pneumonia/pneumonia-5565.jpg,pneumonia-5565.jpg,val,pneumonia,724,286,3,2.5314685314685317,207064,24.5595703125,RGB,120.85827570219836,120.85827570219836,120.85827570219836,50.320546263562456,50.320546263562456,50.320546263562456,0.0,True,120.85827570219836,50.320546263570456,0,204,204,120.85827570219836,50.320546263570456,26.695562706282747,0.012141173743383688,4.931155,203,False,True,2,True,1.6923241654872985,1.8134583170262002,4.3431421112506055,0.8729263212918834,0.09376790600726934,0.7388662116123319,4.068773746202912,0.09376790600726934,0.7388662116123319,1.0988421220566773,0.21234811290569514,0.09376790600726934,0.09376790600726934,0.09376790600726934,0.4178902247724041
chest_xray_dataset/test/pneumonia/pneumonia-304.jpg,pneumonia-304.jpg,test,pneumonia,2088,2074,3,1.0067502410800386,4330512,927.1123046875,RGB,121.96835963045478,121.96835963045478,121.96835963045478,64.08068264933515,64.08068264933515,64.08068264933515,2.0194839173657902e-28,True,121.96835963045478,64.08068264968172,0,255,255,121.96835963045478,64.08068264968172,103.6329854914132,0.0021041391872369825,5.1138096,256,False,True,2,True,2.192227629640331,3.0339399363103516,1.7984367706844597,3.20069230912691,0.03293329694078768,0.7574021015743898,0.20233322432953693,0.03293329694078768,0.7574021015743898,0.39204274191158606,1.0138160252045156,0.03293329694078768,0.03293329694078768,0.03293329694078768,2.2580343735567574
chest_xray_dataset/test/pneumonia/pneumonia-41.jpg,pneumonia-41.jpg,test,pneumonia,2186,2086,3,1.0479386385426654,4559996,1032.5615234375,RGB,129.7290627009322,129.7290627009322,129.7290627009322,60.35442071249503,60.35442071249503,60.35442071249503,0.0,True,129.7290627009322,60.3544207124958,0,255,255,129.7290627009322,60.3544207124958,123.89422095152032,0.0014456153031713185,5.157796,256,False,True,2,True,2.471322993219882,3.0664728104938184,1.6325295380947837,3.6766311498203224,0.3923672820119032,0.35221079337829847,0.20233322432953693,0.3923672820119032,0.35221079337829847,0.2059092824614057,1.0942639270437966,0.3923672820119032,0.3923672820119032,0.3923672820119032,0.4178902247724041
chest_xray_dataset/test/pneumonia/pneumonia-373.jpg,pneumonia-373.jpg,test,pneumonia,1740,1735,3,1.0028818443804035,3018900,973.4951171875,RGB,159.27368346086323,159.27368346086323,159.27368346086323,62.06715948923466,62.06715948923466,62.06715948923466,0.0,True,159.27368346086323,62.06715948928311,0,255,255,159.27368346086323,62.06715948928311,635.349280764473,0.030522706946238695,5.3339663,256,False,True,2,True,1.2011542977455987,2.1148862406274147,1.8140187071163842,3.4100384026402857,2.011465989954532,0.5384528980030533,0.20233322432953693,2.011465989954532,0.5384528980030533,4.492664001666474,2.457909457817089,2.011465989954532,2.011465989954532,2.011465989954532,0.4178902247724041
chest_xray_dataset/test/pneumonia/pneumonia-316.jpg,pneumonia-316.jpg,test,pneumonia,455,178,3,2.556179775280899,80990,10.5400390625,RGB,142.7817014446228,142.7817014446228,142.7817014446228,44.9734031896936,44.9734031896936,44.9734031896936,0.0,True,142.7817014446228,44.97340318969407,0,208,208,142.7817014446228,44.97340318969407,32.525921496148705,0.018977651561921226,4.8049383,208,False,True,2,True,2.4584124593944336,2.106254184677401,4.442679221876932,0.9362026502138562,1.1076755168636776,1.3203110841786112,3.733784964200367,1.1076755168636776,1.3203110841786112,1.0452804893748873,1.0475194860024533,1.1076755168636776,1.1076755168636776,1.1076755168636776,0.4178902247724041
chest_xray_dataset/test/pneumonia/pneumonia-22.jpg,pneumonia-22.jpg,test,pneumonia,500,198,3,2.525252525252525,99000,11.8935546875,RGB,142.1998787878788,142.1998787878788,142.1998787878788,56.770122387965465,56.770122387965465,56.770122387965465,0.0,True,142.1998787878788,56.770122387968335,10,225,215,142.1998787878788,56.770122387968335,28.175477961432502,0.026484848484848486,4.6672845,215,False,True,2,True,2.330256425097701,2.052032727704957,4.318103982734107,0.9300936371262375,1.0757905818888627,0.03754348357871628,3.1475545956959134,1.0757905818888627,0.03754348357871628,1.0852466161618624,1.964628577650198,1.0757905818888627,1.0757905818888627,1.0757905818888627,0.4178902247724041
chest_xray_dataset/test/pneumonia/pneumonia-346.jpg,pneumonia-346.jpg,test,pneumonia,438,190,3,2.305263157894737,83220,10.7255859375,RGB,134.6127613554434,134.6127613554434,134.6127613554434,43.28337943647045,43.28337943647045,43.28337943647045,0.0,True,134.6127613554434,43.283379436470604,0,206,206,134.6127613554434,43.283379436470604,27.64415955504822,0.019142033165104544,4.8877115,206,False,True,2,True,2.506826961239866,2.0737213104939345,3.431984847591709,0.9353651953172851,0.6600028101762773,1.5040831718618064,3.90127935520164,0.6600028101762773,1.5040831718618064,1.0901276676280764,1.0676009976940726,0.6600028101762773,0.6600028101762773,0.6600028101762773,0.4178902247724041
chest_xray_dataset/test/pneumonia/pneumonia-521.jpg,pneumonia-521.jpg,test,pneumonia,2362,2187,3,1.0800182898948332,5165694,1133.1640625,RGB,129.6035018721589,129.6035018721589,129.6035018721589,66.86710878524104,66.86710878524104,66.86710878524104,0.0,True,129.6035018721589,66.86710878487554,0,255,255,129.6035018721589,66.86710878487554,114.98256147268043,0.0020614848653443276,5.109878,256,False,True,2,True,2.9725554829137697,3.3402911682046637,1.5033124161344293,4.130694787083827,0.38548632126825494,1.060396273734926,0.20233322432953693,0.38548632126825494,1.060396273734926,0.2877778344312218,1.0190268471407768,0.38548632126825494,0.38548632126825494,0.38548632126825494,0.4178902247724041
chest_xray_dataset/train/pneumonia/pneumonia-3028.jpg,pneumonia-3028.jpg,train,pneumonia,1176,760,3,1.5473684210526315,893760,128.203125,RGB,134.69165100250626,134.69165100250626,134.69165100250626,69.6672854312196,69.6672854312196,69.6672854312196,0.0,True,134.69165100250626,69.66728543117652,0,255,255,134.69165100250626,69.66728543117652,498.29723860260543,0.05574874686716792,5.1292157,256,False,True,2,True,0.40506799877345057,0.5284097867792621,0.37917808331185376,0.40513723903931315,0.6643261056643934,1.3648856675620538,0.20233322432953693,0.6643261056643934,1.3648856675620538,3.233610930469131,5.539623018187125,0.6643261056643934,0.6643261056643934,0.6643261056643934,0.4178902247724041
chest_xray_dataset/train/pneumonia/pneumonia-3325.jpg,pneumonia-3325.jpg,train,pneumonia,529,207,3,2.5555555555555554,109503,15.671875,RGB,118.60993762727962,118.60993762727962,118.60993762727962,56.25735836962656,56.25735836962656,56.25735836962656,0.0,True,118.60993762727962,56.257358369625024,0,255,255,118.60993762727962,56.257358369625024,46.049894906828236,0.041186086225948146,5.120295,256,False,True,2,True,2.2476669807731398,2.0276330720673568,4.440164859252031,0.9130404108376395,0.21698090311082865,0.0933011106298402,0.20233322432953693,0.21698090311082865,0.0933011106298402,0.9210400914288518,3.760590363288319,0.21698090311082865,0.21698090311082865,0.21698090311082865,0.4178902247724041
chest_xray_dataset/train/pneumonia/pneumonia-3431.jpg,pneumonia-3431.jpg,train,pneumonia,2251,1853,3,1.2147868321640583,4171103,1375.21484375,RGB,157.2496581839384,157.2496581839384,157.2496581839384,59.19459501688838,59.19459501688838,59.19459501688838,0.0,True,157.2496581839384,59.194595016975036,0,255,255,157.2496581839384,59.194595016975036,563.332120082197,0.017727924723987876,5.237913,256,False,True,2,True,2.6564372649818293,2.4347928367648377,0.960463525052423,5.223176737947591,1.9005457402975572,0.2260920988878062,0.20233322432953693,1.9005457402975572,0.2260920988878062,3.831065488389008,0.8948478754250723,1.9005457402975572,1.9005457402975572,1.9005457402975572,0.4178902247724041
chest_xray_dataset/val/pneumonia/pneumonia-5424.jpg,pneumonia-5424.jpg,val,pneumonia,1152,752,3,1.5319148936170213,866304,147.115234375,RGB,130.67109698212175,130.67109698212175,130.67109698212175,58.065273402011854,58.065273402011854,58.065273402011854,0.0,True,130.67109698212175,58.065273402009915,0,255,255,130.67109698212175,58.065273402009915,889.5947702988304,0.09798985113770686,5.3112173,255,False,True,2,True,0.47341788373170796,0.55009836956824,0.31693113687706975,0.31977854679196527,0.44399246616658533,0.10329039834836044,0.20233322432953693,0.44399246616658533,0.10329039834836044,6.828335615068885,10.699964643093638,0.44399246616658533,0.44399246616658533,0.44399246616658533,0.4178902247724041
chest_xray_dataset/train/pneumonia/pneumonia-2244.jpg,pneumonia-2244.jpg,train,pneumonia,920,536,3,1.7164179104477613,493120,69.890625,RGB,90.20977855288774,90.20977855288774,90.20977855288774,52.29071320643014,52.29071320643014,52.29071320643014,2.0194839173657902e-28,True,90.20977855288774,52.29071320643398,0,255,255,90.20977855288774,52.29071320643398,219.6605940249843,0.03867618429591175,5.16407,251,False,True,1,True,1.1341334383281962,1.1356901048706423,1.060110935377593,0.6683272747448608,1.7733610386472292,0.524631535038189,0.20233322432953693,1.7733610386472292,0.524631535038189,0.6738656135096321,3.4539707417687806,1.7733610386472292,1.7733610386472292,1.7733610386472292,2.2580343735567574
chest_xray_dataset/train/pneumonia/pneumonia-2313.jpg,pneumonia-2313.jpg,train,pneumonia,930,655,3,1.4198473282442747,609150,72.8544921875,RGB,131.5665008618567,131.5665008618567,131.5665008618567,53.91571723294367,53.91571723294367,53.91571723294367,0.0,True,131.5665008618567,53.91571723299768,0,203,203,131.5665008618567,53.91571723299768,41.955295059500195,0.011530821636706887,4.9647565,204,False,True,1,True,1.105654319595589,0.8130724358845965,0.13447801665762563,0.654950034686475,0.49306221989758725,0.34792965029507955,4.152520941703548,0.49306221989758725,0.34792965029507955,0.9586558644723044,0.13778506735268428,0.49306221989758725,0.49306221989758725,0.49306221989758725,0.4178902247724041
chest_xray_dataset/train/pneumonia/pneumonia-3966.jpg,pneumonia-3966.jpg,train,pneumonia,500,250,3,2.0,125000,15.2978515625,RGB,122.08252,122.08252,122.08252,41.69249119985108,41.69249119985108,41.69249119985108,0.0,True,122.08252,41.692491199850366,0,195,195,122.08252,41.692491199850366,21.387815999424003,0.0192,5.0276527,196,False,True,1,True,2.330256425097701,1.9110569395766006,2.202382123090101,0.9147285436028328,0.02667710200327831,1.6770753277156543,4.822498505708638,0.02667710200327831,1.6770753277156543,1.1476026854674386,1.0746824572378213,0.02667710200327831,0.02667710200327831,0.02667710200327831,0.4178902247724041
chest_xray_dataset/train/pneumonia/pneumonia-2684.jpg,pneumonia-2684.jpg,train,pneumonia,2272,1989,3,1.1422825540472599,4519008,988.17578125,RGB,123.02756135859906,123.02756135859906,123.02756135859906,61.232001047347325,61.232001047347325,61.232001047347325,2.0194839173657902e-28,True,123.02756135859906,61.23200104752015,0,255,255,123.02756135859906,61.23200104752015,112.9915118348831,0.0031787949921752738,5.1881123,256,False,True,1,True,2.7162434143203047,2.8034987441774617,1.2525114044142014,3.4762987155884617,0.025112875437733526,0.4476383102812622,0.20233322432953693,0.025112875437733526,0.4476383102812622,0.30606896765209235,0.8825317896610273,0.025112875437733526,0.025112875437733526,0.025112875437733526,2.2580343735567574
chest_xray_dataset/train/pneumonia/pneumonia-3619.jpg,pneumonia-3619.jpg,train,pneumonia,803,452,3,1.7765486725663717,362956,36.9326171875,RGB,131.54290878233175,131.54290878233175,131.54290878233175,51.28732802800753,51.28732802800753,51.28732802800753,0.0,True,131.54290878233175,51.2873280279995,2,210,208,131.54290878233175,51.2873280279995,17.99305394783111,0.006400224820639416,4.7842293,209,False,True,1,True,1.4673391274997012,1.3634202241549096,1.3023181818639085,0.8170813026626416,0.4917693312263499,0.6337389890840718,3.733784964200367,0.4917693312263499,0.6337389890840718,1.1787892735665357,0.4889890846912345,0.4917693312263499,0.4917693312263499,0.4917693312263499,0.4178902247724041
chest_xray_dataset/train/pneumonia/pneumonia-5000.jpg,pneumonia-5000.jpg,train,pneumonia,452,180,3,2.511111111111111,81360,10.892578125,RGB,148.38632005899706,148.38632005899706,148.38632005899706,51.72402308966513,51.72402308966513,51.72402308966513,0.0,True,148.38632005899706,51.72402308966271,0,224,224,148.38632005899706,51.72402308966271,34.47521866455482,0.02588495575221239,4.8295193,222,False,True,1,True,2.466956195014216,2.100832038980157,4.261142240359077,0.9346114859103711,1.414818764048339,0.5862530510848454,2.393829836190187,1.414818764048339,0.5862530510848454,1.0273729226736237,1.891343290909718,1.414818764048339,1.414818764048339,1.414818764048339,0.4178902247724041
chest_xray_dataset/train/pneumonia/pneumonia-3433.jpg,pneumonia-3433.jpg,train,pneumonia,766,470,3,1.6297872340425532,360020,44.6552734375,RGB,115.22809288372868,115.22809288372868,115.22809288372868,43.95175695924881,43.95175695924881,43.95175695924881,0.0,True,115.22809288372868,43.951756959249515,0,194,194,115.22809288372868,43.951756959249515,45.92411873441031,0.007169046164101994,5.0837383,195,False,True,1,True,1.572711866810348,1.3146209128797095,0.7111617976307036,0.782225548335882,0.4023121178601455,1.4314042331857524,4.906245701209275,0.4023121178601455,1.4314042331857524,0.9221955567080863,0.3950668056860064,0.4023121178601455,0.4023121178601455,0.4023121178601455,0.4178902247724041
chest_xray_dataset/train/pneumonia/pneumonia-638.jpg,pneumonia-638.jpg,train,pneumonia,742,515,3,1.4407766990291262,382130,42.658203125,RGB,149.78446601941747,149.78446601941747,149.78446601941747,51.1799709158479,51.1799709158479,51.1799709158479,0.0,True,149.78446601941747,51.179970915836144,0,214,214,149.78446601941747,51.179970915836144,28.829757809102638,0.01564127391201947,4.611414,215,False,True,1,True,1.6410617517686055,1.192622634691709,0.05017432433969517,0.7912392076173973,1.4914396940114003,0.6454129318865137,3.2313017911965494,1.4914396940114003,0.6454129318865137,1.0792359574468418,0.6399342971085235,1.4914396940114003,1.4914396940114003,1.4914396940114003,0.4178902247724041
chest_xray_dataset/train/pneumonia/pneumonia-992.jpg,pneumonia-992.jpg,train,pneumonia,1111,621,3,1.789049919484702,689931,80.7275390625,RGB,115.04799175569731,115.04799175569731,115.04799175569731,48.70846064382211,48.70846064382211,48.70846064382211,0.0,True,115.04799175569731,48.70846064382047,0,203,203,115.04799175569731,48.70846064382047,41.853128779944704,0.004609156567830696,5.028681,204,False,True,1,True,0.5901822705353977,0.9052489127377524,1.3526733160257152,0.6194155011277577,0.41218198574790904,0.9141633571704628,4.152520941703548,0.41218198574790904,0.9141633571704628,0.9595944332525874,0.7077931197094103,0.41218198574790904,0.41218198574790904,0.41218198574790904,0.4178902247724041
chest_xray_dataset/train/pneumonia/pneumonia-4901.jpg,pneumonia-4901.jpg,train,pneumonia,937,515,3,1.8194174757281554,482555,49.2607421875,RGB,113.37767301136658,113.37767301136658,113.37767301136658,37.28709865436559,37.28709865436559,37.28709865436559,0.0,True,113.37767301136658,37.28709865436426,0,182,182,113.37767301136658,37.28709865436426,18.95637338548057,0.004109376133290506,4.897001,183,False,True,1,True,1.085718936482764,1.192622634691709,1.4749941036075627,0.761439036271517,0.5037184770358937,2.1561148581387037,5.911212047216909,0.5037184770358937,2.1561148581387037,1.169939567444797,0.7688482891754784,0.5037184770358937,0.5037184770358937,0.5037184770358937,0.4178902247724041
chest_xray_dataset/train/pneumonia/pneumonia-4039.jpg,pneumonia-4039.jpg,train,pneumonia,1248,936,3,1.3333333333333333,1168128,140.904296875,RGB,107.28775099989042,107.28775099989042,107.28775099989042,72.21387678408414,72.21387678408414,72.21387678408414,0.0,True,107.28775099989042,72.2138767841203,0,255,255,107.28775099989042,72.2138767841203,473.59329474570995,0.010063109522244137,5.0047894,256,False,True,1,True,0.20001834389867834,0.05126096542174921,0.4829571603042163,0.3478112475403456,0.8374572290196387,1.6418003609288343,0.20233322432953693,0.8374572290196387,1.6418003609288343,3.0066637365924023,0.04151649325836477,0.8374572290196387,0.8374572290196387,0.8374572290196387,0.4178902247724041
chest_xray_dataset/train/pneumonia/pneumonia-2839.jpg,pneumonia-2839.jpg,train,pneumonia,967,683,3,1.4158125915080526,660461,65.798828125,RGB,145.0177482092054,145.0177482092054,145.0177482092054,38.36414457373866,38.36414457373866,38.36414457373866,0.0,True,145.0177482092054,38.36414457373283,0,207,207,145.0177482092054,38.36414457373283,23.091749550105753,0.01587830318519943,4.9057655,208,False,True,1,True,1.0002815802849423,0.737162396123174,0.1507299722415228,0.6867953590429289,1.230214927907498,2.0389975828604685,3.8175321597010035,1.230214927907498,2.0389975828604685,1.1319491954773495,0.668890737661735,1.230214927907498,1.230214927907498,1.230214927907498,0.4178902247724041
chest_xray_dataset/val/pneumonia/pneumonia-5681.jpg,pneumonia-5681.jpg,val,pneumonia,1395,1312,3,1.0632621951219512,1830240,605.0869140625,RGB,162.2719271789492,162.2719271789492,162.2719271789492,52.31526995537323,52.31526995537323,52.31526995537323,0.0,True,162.2719271789492,52.31526995539406,0,255,255,162.2719271789492,52.31526995539406,1015.8414908592167,0.014306320482559665,5.1638374,256,False,True,1,True,0.2186247014706483,0.9681024256602102,1.5708061154292765,1.7472496672115971,2.1757751740017954,0.521961250070597,0.20233322432953693,2.1757751740017954,0.521961250070597,7.988123668882889,0.4768510664895326,2.1757751740017954,2.1757751740017954,2.1757751740017954,0.4178902247724041
chest_xray_dataset/val/pneumonia/pneumonia-5366.jpg,pneumonia-5366.jpg,val,pneumonia,846,468,3,1.8076923076923077,395928,38.5302734375,RGB,143.80316118082075,143.80316118082075,143.80316118082075,30.661393827020355,30.661393827020355,30.661393827020355,0.0,True,143.80316118082075,30.661393827020927,0,205,205,143.80316118082075,30.661393827020927,19.775317196635395,0.0063673193105817216,4.667893,206,False,True,1,True,1.34487891694949,1.320043058576954,1.427765022110971,0.8098703752374293,1.1636533597519676,2.876589707188064,3.9850265507022757,1.1636533597519676,2.876589707188064,1.162416193810169,0.49300895292554886,1.1636533597519676,1.1636533597519676,1.1636533597519676,0.4178902247724041
chest_xray_dataset/val/pneumonia/pneumonia-5444.jpg,pneumonia-5444.jpg,val,pneumonia,1072,603,3,1.7777777777777777,646416,52.9638671875,RGB,143.96648597806984,143.96648597806984,143.96648597806984,34.13037208461131,34.13037208461131,34.13037208461131,0.0,True,143.96648597806984,34.13037208457558,0,205,205,143.96648597806984,34.13037208457558,9.993499525204252,0.0008322813791737828,4.7593236,206,False,True,1,True,0.701250833592566,0.9540482240129526,1.3072690286253281,0.7447251995988978,1.1726038543394504,2.499375259578973,3.9850265507022757,1.1726038543394504,2.499375259578973,1.2522786094796998,1.1691912432829976,1.1726038543394504,1.1726038543394504,1.1726038543394504,0.4178902247724041
chest_xray_dataset/val/pneumonia/pneumonia-5745.jpg,pneumonia-5745.jpg,val,pneumonia,1488,1312,3,1.1341463414634145,1952256,305.0224609375,RGB,149.42168701235903,149.42168701235903,149.42168701235903,72.84827981366091,72.84827981366091,72.84827981366091,0.0,True,149.42168701235903,72.84827981362946,0,255,255,149.42168701235903,72.84827981362946,247.59427839704958,0.03662788076973512,4.998728,256,False,True,1,True,0.4834805056838958,0.9681024256602102,1.285284141318372,0.3929264237915009,1.4715587476161218,1.7107849352243567,0.20233322432953693,1.4715587476161218,1.7107849352243567,0.9304833956581674,3.2037418206952357,1.4715587476161218,1.4715587476161218,1.4715587476161218,0.4178902247724041
chest_xray_dataset/val/pneumonia/pneumonia-5558.jpg,pneumonia-5558.jpg,val,pneumonia,888,454,3,1.9559471365638768,403152,35.8154296875,RGB,100.52249027662023,100.52249027662023,100.52249027662023,31.34306549612973,31.34306549612973,31.34306549612973,2.0194839173657902e-28,True,100.52249027662023,31.34306549612946,26,172,146,100.52249027662023,31.34306549612946,10.319700374593468,0.0021331904591816485,4.7939806,147,False,True,1,True,1.2252666182725396,1.3579980784576653,2.0249367959935602,0.8221236626714697,1.2082057651050058,2.8024651716555753,8.926111085239816,1.2082057651050058,2.8024651716555753,1.2492819070973622,1.0102670060569008,1.2082057651050058,1.2082057651050058,1.2082057651050058,2.2580343735567574
chest_xray_dataset/val/pneumonia/pneumonia-5534.jpg,pneumonia-5534.jpg,val,pneumonia,854,543,3,1.572744014732965,463722,48.2919921875,RGB,146.0294529912318,146.0294529912318,146.0294529912318,35.72847680465078,35.72847680465078,35.72847680465078,0.0,True,146.0294529912318,35.728476804654925,0,209,209,146.0294529912318,35.728476804654925,22.341889082786388,0.004476820163805038,4.850303,210,False,True,1,True,1.3220956219634041,1.1167125949302865,0.48139120113573186,0.7658114323630882,1.2856581816459214,2.32559838799052,3.6500377686997307,1.2856581816459214,2.32559838799052,1.1388379226313228,0.7239598621745295,1.2856581816459214,1.2856581816459214,1.2856581816459214,0.4178902247724041
chest_xray_dataset/val/pneumonia/pneumonia-5505.jpg,pneumonia-5505.jpg,val,pneumonia,1084,717,3,1.511854951185495,777228,90.9609375,RGB,107.7441883205443,107.7441883205443,107.7441883205443,55.31706976881463,55.31706976881463,55.31706976881463,0.0,True,107.7441883205443,55.31706976882069,0,211,211,107.7441883205443,55.31706976882069,43.17630021871423,0.014518262337435089,5.1655664,212,False,True,1,True,0.6670758911134373,0.6449859192700181,0.23612950972606103,0.5732276597531858,0.8124436374717061,0.195547483714796,3.4825433776984585,0.8124436374717061,0.195547483714796,0.9474388824309821,0.5027427280514285,0.8124436374717061,0.8124436374717061,0.8124436374717061,0.4178902247724041
chest_xray_dataset/val/pneumonia/pneumonia-5775.jpg,pneumonia-5775.jpg,val,pneumonia,1072,880,3,1.2181818181818183,943360,131.1962890625,RGB,132.55914179104477,132.55914179104477,132.55914179104477,51.33568820706797,51.33568820706797,51.33568820706797,0.0,True,132.55914179104477,51.335688207070916,0,255,255,132.55914179104477,51.335688207070916,520.5357056744273,0.011578824626865672,5.2072005,256,False,True,1,True,0.701250833592566,0.20308104494459422,0.946788491072325,0.39162776926041604,0.547460739985517,0.6284803345523019,0.20233322432953693,0.547460739985517,0.6284803345523019,3.4379085813748294,0.14364930391832542,0.547460739985517,0.547460739985517,0.547460739985517,0.4178902247724041
chest_xray_dataset/train/pneumonia/pneumonia-623.jpg,pneumonia-623.jpg,train,pneumonia,1112,832,3,1.3365384615384615,925184,124.10546875,RGB,129.08178265080244,129.08178265080244,129.08178265080244,67.31936116877189,67.31936116877189,67.31936116877189,0.0,True,129.08178265080244,67.31936116879919,0,255,255,129.08178265080244,67.31936116879919,571.6608747511342,0.01622271894023243,5.3022413,256,False,True,1,True,0.587334358662137,0.33321254167846137,0.47004687528789757,0.42363176928148355,0.35689516336946486,1.1095739048746238,0.20233322432953693,0.35689516336946486,1.1095739048746238,3.9075790811802014,0.7109659387641357,0.35689516336946486,0.35689516336946486,0.35689516336946486,0.4178902247724041
chest_xray_dataset/train/pneumonia/pneumonia-4887.jpg,pneumonia-4887.jpg,train,pneumonia,1466,1265,3,1.158893280632411,1854490,594.8388671875,RGB,151.51314970692752,151.51314970692752,151.51314970692752,53.76032543389029,53.76032543389029,53.76032543389029,0.0,True,151.51314970692752,53.760325433874414,0,255,255,151.51314970692752,53.760325433874414,589.974137019585,0.011301220281586852,5.149832,256,False,True,1,True,0.42082644447215983,0.8406820017749652,1.1856032494769584,1.7009957109767697,1.5861746898548728,0.36482685382802554,0.20233322432953693,1.5861746898548728,0.36482685382802554,4.075817136878073,0.10973605086929622,1.5861746898548728,1.5861746898548728,1.5861746898548728,0.4178902247724041
chest_xray_dataset/train/pneumonia/pneumonia-2644.jpg,pneumonia-2644.jpg,train,pneumonia,2114,1758,3,1.2025028441410694,3716412,893.240234375,RGB,140.26328485646908,140.26328485646908,140.26328485646908,55.74582202933847,55.74582202933847,55.74582202933847,0.0,True,140.26328485646908,55.74582202922298,0,255,255,140.26328485646908,55.74582202922298,132.5539844825855,0.00269265086863351,5.2138886,256,False,True,1,True,2.26627333834511,2.177240916145726,1.0099435384447388,3.047812713929179,0.9696617282598643,0.14892524077724387,0.20233322432953693,0.9696617282598643,0.14892524077724387,0.12635481761984532,0.941921093035985,0.9696617282598643,0.9696617282598643,0.9696617282598643,0.4178902247724041
chest_xray_dataset/val/pneumonia/pneumonia-5428.jpg,pneumonia-5428.jpg,val,pneumonia,2381,1965,3,1.2117048346055979,4678665,398.2197265625,RGB,143.38724443831734,143.38724443831734,143.38724443831734,70.93133942009483,70.93133942009483,70.93133942009483,0.0,True,143.38724443831734,70.93133942015805,0,255,255,143.38724443831734,70.93133942015805,45.32651383161309,0.002379524928585398,5.2374587,256,False,True,1,True,3.0266658085057236,2.738432995810528,0.9728778387250117,0.8135667953671177,1.1408603692488613,1.5023380791369405,0.20233322432953693,1.1408603692488613,1.5023380791369405,0.9276855609164204,0.9801738056525732,1.1408603692488613,1.1408603692488613,1.1408603692488613,0.4178902247724041
chest_xray_dataset/val/pneumonia/pneumonia-5533.jpg,pneumonia-5533.jpg,val,pneumonia,1168,840,3,1.3904761904761904,981120,123.595703125,RGB,134.4112697733203,134.4112697733203,134.4112697733203,65.42145442330678,65.42145442330678,65.42145442330678,0.0,True,134.4112697733203,65.42145442333641,0,255,255,134.4112697733203,65.42145442333641,533.6913096518466,0.012768060991519895,5.1899295,256,False,True,1,True,0.42785129375953634,0.31152395888948353,0.2527852217275605,0.4259325664183789,0.6489607066770409,0.9031967553366579,0.20233322432953693,0.6489607066770409,0.9031967553366579,3.5587648877089086,0.2889311572305232,0.6489607066770409,0.6489607066770409,0.6489607066770409,0.4178902247724041
chest_xray_dataset/val/pneumonia/pneumonia-5407.jpg,pneumonia-5407.jpg,val,pneumonia,1048,576,3,1.8194444444444444,603648,99.1044921875,RGB,102.00880811333758,102.00880811333758,102.00880811333758,53.09535881920256,53.09535881920256,53.09535881920256,0.0,True,102.00880811333758,53.09535881920077,0,255,255,102.00880811333758,53.09535881920077,276.0438786051906,0.038103331743002546,5.1975055,244,False,True,1,True,0.7696007185508235,1.0272471909257528,1.4751027338374731,0.5364722051084149,1.1267528566863987,0.4371348925671973,0.20233322432953693,1.1267528566863987,0.4371348925671973,1.1918407308089365,3.3839887911365603,1.1267528566863987,1.1267528566863987,1.1267528566863987,0.4178902247724041
chest_xray_dataset/val/pneumonia/pneumonia-5521.jpg,pneumonia-5521.jpg,val,pneumonia,937,533,3,1.7579737335834897,499421,60.603515625,RGB,132.00645547544056,132.00645547544056,132.00645547544056,39.14969030463996,39.14969030463996,39.14969030463996,0.0,True,132.00645547544056,39.14969030464601,0,206,206,132.00645547544056,39.14969030464601,40.600633039684624,0.007158289299008251,4.923364,204,False,True,1,True,1.085718936482764,1.143823323416509,1.2274981618578302,0.71024409614692,0.5171725292562747,1.9535778491643065,3.90127935520164,0.5171725292562747,1.9535778491643065,0.9711007091428332,0.396380907191053,0.5171725292562747,0.5171725292562747,0.5171725292562747,0.4178902247724041
chest_xray_dataset/val/pneumonia/pneumonia-5744.jpg,pneumonia-5744.jpg,val,pneumonia,2020,1700,3,1.188235294117647,3434000,996.1611328125,RGB,127.57843622597554,127.57843622597554,127.57843622597554,77.19365255716613,77.19365255716613,77.19365255716613,2.0194839173657902e-28,True,127.57843622597554,77.19365255711432,0,255,255,127.57843622597554,77.19365255711432,453.6961606328954,0.017655794991263834,5.1508303,256,False,True,1,True,1.9985696222586018,2.0199986909256364,1.0674133572782731,3.512340129742472,0.2745090574923323,2.1832979512744197,0.20233322432953693,0.2745090574923323,2.1832979512744197,2.823875159219895,0.8860362198446367,0.2745090574923323,0.2745090574923323,0.2745090574923323,2.2580343735567574
chest_xray_dataset/train/pneumonia/pneumonia-1456.jpg,pneumonia-1456.jpg,train,pneumonia,2048,1882,3,1.0882040382571732,3854336,897.1328125,RGB,130.49408380587474,130.49408380587474,130.49408380587474,63.474993911609765,63.474993911609765,63.474993911609765,0.0,True,130.49408380587474,63.47499391167242,0,255,255,130.49408380587474,63.47499391167242,136.940151955974,0.003465447745085016,5.194879,256,False,True,1,True,2.078311154709902,2.5134139493748826,1.470340148672371,3.0653816361277704,0.4342918236273161,0.6915399007278843,0.20233322432953693,0.4342918236273161,0.6915399007278843,0.08606050648777672,0.8475131470786678,0.4342918236273161,0.4342918236273161,0.4342918236273161,0.4178902247724041
chest_xray_dataset/train/pneumonia/pneumonia-1228.jpg,pneumonia-1228.jpg,train,pneumonia,2132,2017,3,1.0570153693604363,4300244,1009.6591796875,RGB,119.7261087975473,119.7261087975473,119.7261087975473,63.148449856246096,63.148449856246096,63.148449856246096,0.0,True,119.7261087975473,63.14844985649427,0,255,255,119.7261087975473,63.14844985649427,143.66442226764113,0.0051785433570746215,5.0919743,256,False,True,1,True,2.317535752063803,2.879408783938884,1.59596838535015,3.573262769639345,0.1558127021612279,0.6560317117890209,0.20233322432953693,0.1558127021612279,0.6560317117890209,0.024286795903687302,0.6382345605773146,0.1558127021612279,0.1558127021612279,0.1558127021612279,0.4178902247724041
chest_xray_dataset/train/pneumonia/pneumonia-1993.jpg,pneumonia-1993.jpg,train,pneumonia,928,392,3,2.36734693877551,363776,45.9033203125,RGB,119.63819218420127,119.63819218420127,119.63819218420127,60.32666992019076,60.32666992019076,60.32666992019076,0.0,True,119.63819218420127,60.32666992018655,0,255,255,119.63819218420127,60.32666992018655,182.07660858330803,0.01776642769176636,5.2513885,255,False,True,1,True,1.1113501433421105,1.5260845950722437,3.682058871082887,0.7765925622421036,0.16063069174491185,0.34919319020686007,0.20233322432953693,0.16063069174491185,0.34919319020686007,0.32859361645109586,0.8995515513999526,0.16063069174491185,0.16063069174491185,0.16063069174491185,0.4178902247724041
chest_xray_dataset/train/pneumonia/pneumonia-1850.jpg,pneumonia-1850.jpg,train,pneumonia,2078,2047,3,1.0151441133365902,4253666,1067.625,RGB,125.26224673023223,125.26224673023223,125.26224673023223,64.53782361291631,64.53782361291631,64.53782361291631,0.0,True,125.26224673023223,64.53782361318704,0,255,255,125.26224673023223,64.53782361318704,162.17727711239743,0.005161195072673783,5.3176794,256,False,True,1,True,2.1637485109077237,2.9607409693975515,1.7646261783189925,3.8348880869855098,0.14757767968313468,0.8071113136896899,0.20233322432953693,0.14757767968313468,0.8071113136896899,0.1457848526558573,0.6403538961311629,0.14757767968313468,0.14757767968313468,0.14757767968313468,0.4178902247724041
chest_xray_dataset/train/pneumonia/pneumonia-2425.jpg,pneumonia-2425.jpg,train,pneumonia,750,440,3,1.7045454545454546,330000,30.7001953125,RGB,131.33532424242424,131.33532424242424,131.33532424242424,33.40582670212205,33.40582670212205,33.40582670212205,0.0,True,131.33532424242424,33.40582670212552,45,191,146,131.33532424242424,33.40582670212552,13.531110258034888,0.006148484848484848,4.7708693,147,False,True,1,True,1.6182784567825197,1.3959530983383766,1.012288577040347,0.8452109718727301,0.48039332260927714,2.578161854915341,8.926111085239816,0.48039332260927714,2.578161854915341,1.2197797164489008,0.5197426428520721,0.48039332260927714,0.48039332260927714,0.48039332260927714,0.4178902247724041
chest_xray_dataset/train/pneumonia/pneumonia-726.jpg,pneumonia-726.jpg,train,pneumonia,885,592,3,1.4949324324324325,523920,57.65625,RGB,109.77252061383417,109.77252061383417,109.77252061383417,31.980558152518892,31.980558152518892,31.980558152518892,0.0,True,109.77252061383417,31.980558152519382,0,177,177,109.77252061383417,31.980558152519382,28.60207883491716,0.008980378683768515,4.8047075,178,False,True,1,True,1.2338103538923217,0.9838700253477972,0.167965453153697,0.7235464060303495,0.7012873555201073,2.733144633335312,6.329948024720091,0.7012873555201073,2.733144633335312,1.081327571020587,0.17378720707709708,0.7012873555201073,0.7012873555201073,0.7012873555201073,0.4178902247724041
chest_xray_dataset/train/pneumonia/pneumonia-4585.jpg,pneumonia-4585.jpg,train,pneumonia,795,612,3,1.2990196078431373,486540,49.677734375,RGB,138.80141406667488,138.80141406667488,138.80141406667488,39.53335368803142,39.53335368803142,39.53335368803142,0.0,True,138.80141406667488,39.53335368803365,28,207,179,138.80141406667488,39.53335368803365,18.17373574989522,0.0061187158301475725,4.940523,180,False,True,1,True,1.490122422485787,0.9296485683753525,0.6211731528318645,0.7595569665829072,0.8895485622738274,1.9118585414928821,6.162453633718819,0.8895485622738274,1.9118585414928821,1.1771294079110526,0.5233793447591666,0.8895485622738274,0.8895485622738274,0.8895485622738274,0.4178902247724041
chest_xray_dataset/val/pneumonia/pneumonia-5776.jpg,pneumonia-5776.jpg,val,pneumonia,1096,600,3,1.8266666666666667,657600,84.140625,RGB,110.46441605839416,110.46441605839416,110.46441605839416,77.5073457328153,77.5073457328153,77.5073457328153,2.0194839173657902e-28,True,110.46441605839416,77.50734573278989,0,255,255,110.46441605839416,77.50734573278989,288.35822971610077,0.04311131386861314,4.7906437,256,False,True,1,True,0.6329009486343086,0.9621814425588193,1.5041939094075782,0.6040107386881997,0.6633702324870789,2.217408743904355,0.20233322432953693,0.6633702324870789,2.217408743904355,1.3049687173856126,3.995783843985126,0.6633702324870789,0.6633702324870789,0.6633702324870789,2.2580343735567574
chest_xray_dataset/test/pneumonia/pneumonia-240.jpg,pneumonia-240.jpg,test,pneumonia,941,609,3,1.5451559934318555,573069,51.9873046875,RGB,105.40273160823565,105.40273160823565,105.40273160823565,50.374717510535206,50.374717510535206,50.374717510535206,2.0194839173657902e-28,True,105.40273160823565,50.37471751053626,0,198,198,105.40273160823565,50.37471751053626,15.572766975674469,0.007657018613814392,5.2041016,199,False,True,1,True,1.074327288989721,0.9377817869212192,0.37026640510924913,0.749132856949272,0.9407597044947767,0.7329756653236663,4.571256919206729,0.9407597044947767,0.7329756653236663,1.2010236722475394,0.3354541467003193,0.9407597044947767,0.9407597044947767,0.9407597044947767,2.2580343735567574
chest_xray_dataset/test/pneumonia/pneumonia-473.jpg,pneumonia-473.jpg,test,pneumonia,647,329,3,1.966565349544073,212863,24.177734375,RGB,144.69830830158364,144.69830830158364,144.69830830158364,44.381847693157106,44.381847693157106,44.381847693157106,0.0,True,144.69830830158364,44.38184769315588,0,214,214,144.69830830158364,44.38184769315588,22.145864368854653,0.010819165378670788,4.8578095,213,False,True,1,True,1.9116133797283743,1.6968821845354443,2.0677070526463126,0.8746497153158798,1.2127090426264406,1.3846364455067823,3.2313017911965494,1.2127090426264406,1.3846364455067823,1.14063873868786,0.05084630298117134,1.2127090426264406,1.2127090426264406,1.2127090426264406,0.4178902247724041
chest_xray_dataset/val/pneumonia/pneumonia-5477.jpg,pneumonia-5477.jpg,val,pneumonia,863,574,3,1.5034843205574913,495362,45.1875,RGB,97.66524077341418,97.66524077341418,97.66524077341418,36.781374077800436,36.781374077800436,36.781374077800436,2.0194839173657902e-28,True,97.66524077341418,36.781374077801175,0,172,172,97.66524077341418,36.781374077801175,14.395358930823202,0.009306325475107093,4.8474193,173,False,True,1,True,1.2964644151040576,1.0326693366229973,0.20241253484781765,0.7798233750799279,1.3647882109079565,2.2111070208526495,6.748684002223272,1.3647882109079565,2.2111070208526495,1.2118401416086573,0.1339682481768608,1.3647882109079565,1.3647882109079565,1.3647882109079565,2.2580343735567574
chest_xray_dataset/val/pneumonia/pneumonia-5311.jpg,pneumonia-5311.jpg,val,pneumonia,1328,864,3,1.537037037037037,1147392,154.12109375,RGB,132.53123866995762,132.53123866995762,132.53123866995762,60.379243102885,60.379243102885,60.379243102885,0.0,True,132.53123866995762,60.37924310289524,0,255,255,132.53123866995762,60.37924310289524,478.81773824108626,0.011255089803659081,5.157551,256,False,True,1,True,0.02781460596217971,0.24645821052254996,0.33756317628849164,0.28815801296038035,0.5459315984315648,0.35490996402385355,0.20233322432953693,0.5459315984315648,0.35490996402385355,3.0546590201678314,0.10410056785959819,0.5459315984315648,0.5459315984315648,0.5459315984315648,0.4178902247724041
chest_xray_dataset/val/pneumonia/pneumonia-5774.jpg,pneumonia-5774.jpg,val,pneumonia,693,356,3,1.946629213483146,246708,30.0986328125,RGB,114.56488237106214,114.56488237106214,114.56488237106214,46.59208245778648,46.59208245778648,46.59208245778648,0.0,True,114.56488237106214,46.59208245778632,0,208,208,114.56488237106214,46.59208245778632,23.852479987335627,0.02218412049872724,5.112708,209,False,True,1,True,1.780609433558381,1.6236832176226441,1.987404118661061,0.8479260888005606,0.43865725469157407,1.1442969495728434,3.733784964200367,0.43865725469157407,1.1442969495728434,1.1249606094027522,1.4392345088294052,0.43865725469157407,0.43865725469157407,0.43865725469157407,0.4178902247724041
chest_xray_dataset/val/pneumonia/pneumonia-5556.jpg,pneumonia-5556.jpg,val,pneumonia,1572,1389,3,1.1317494600431965,2183508,702.9384765625,RGB,154.7846543268905,154.7846543268905,154.7846543268905,60.73720022686356,60.73720022686356,60.73720022686356,0.0,True,154.7846543268905,60.73720022685858,0,255,255,154.7846543268905,60.73720022685858,608.2958688701117,0.01858568871742169,5.323011,256,False,True,1,True,0.7227051030377968,1.176855035004122,1.294938801071396,2.1888969337190978,1.7654590660616616,0.3938339897047625,0.20233322432953693,1.7654590660616616,0.3938339897047625,4.244132999904871,0.9996357429797024,1.7654590660616616,1.7654590660616616,1.7654590660616616,0.4178902247724041
chest_xray_dataset/val/pneumonia/pneumonia-5636.jpg,pneumonia-5636.jpg,val,pneumonia,446,232,3,1.9224137931034482,103472,16.185546875,RGB,143.507702566878,143.507702566878,143.507702566878,53.60314705119898,53.60314705119898,53.60314705119898,0.0,True,143.507702566878,53.60314705119903,0,230,230,143.507702566878,53.60314705119903,70.87467499970157,0.057880392763259625,5.086875,229,False,True,1,True,2.4840436662537804,1.959856250851801,1.8898641892467962,0.9107219830713427,1.1474616927824597,0.38191832929860964,1.8913466631863696,1.1474616927824597,0.38191832929860964,0.6929828138815697,5.80003337528177,1.1474616927824597,1.1474616927824597,1.1474616927824597,0.4178902247724041
chest_xray_dataset/val/pneumonia/pneumonia-5708.jpg,pneumonia-5708.jpg,val,pneumonia,855,507,3,1.6863905325443787,433485,48.2607421875,RGB,104.27396103671407,104.27396103671407,104.27396103671407,54.24994010861572,54.24994010861572,54.24994010861572,0.0,True,104.27396103671407,54.24994010861488,0,189,189,104.27396103671407,54.24994010861488,28.17671564496062,0.011954277541322075,4.9813356,189,False,True,1,True,1.3192477100901434,1.214311217480687,0.9391603891856733,0.7659524773983002,1.0026183754442064,0.31158647139803575,5.324981678712456,1.0026183754442064,0.31158647139803575,1.0852352459610053,0.18951612809633647,1.0026183754442064,1.0026183754442064,1.0026183754442064,0.4178902247724041
chest_xray_dataset/test/pneumonia/pneumonia-307.jpg,pneumonia-307.jpg,test,pneumonia,927,523,3,1.7724665391969407,484821,51.0556640625,RGB,124.91255123024787,124.91255123024787,124.91255123024787,34.59872058974549,34.59872058974549,34.59872058974549,0.0,True,124.91255123024787,34.598720589747664,0,195,195,124.91255123024787,34.598720589747664,22.337971780990028,0.005187481565361236,4.7989144,196,False,True,1,True,1.1141980552153712,1.1709340519027311,1.2858753122184268,0.753337762061529,0.12841373316309965,2.448447346646026,4.822498505708638,0.12841373316309965,2.448447346646026,1.1388739096241447,0.63714263343502,0.12841373316309965,0.12841373316309965,0.12841373316309965,0.4178902247724041
chest_xray_dataset/test/pneumonia/pneumonia-434.jpg,pneumonia-434.jpg,test,pneumonia,982,573,3,1.7137870855148343,562686,54.34765625,RGB,107.22389929729903,107.22389929729903,107.22389929729903,45.98109065560612,45.98109065560612,45.98109065560612,2.0194839173657902e-28,True,107.22389929729903,45.98109065561092,0,191,191,107.22389929729903,45.98109065561092,18.97895334704754,0.008548284478376928,5.049895,192,False,True,1,True,0.9575629021860314,1.0353804094716197,1.04951394906741,0.7384795491334174,0.8409564179246414,1.2107358021800496,5.1574872877111835,0.8409564179246414,1.2107358021800496,1.1697321325936998,0.22657355706649002,0.8409564179246414,0.8409564179246414,0.8409564179246414,2.2580343735567574
chest_xray_dataset/test/pneumonia/pneumonia-25.jpg,pneumonia-25.jpg,test,pneumonia,2032,2016,3,1.007936507936508,4096512,916.5576171875,RGB,123.84957153793276,123.84957153793276,123.84957153793276,51.00163076630524,51.00163076630524,51.00163076630524,0.0,True,123.84957153793276,51.001630766286944,0,255,255,123.84957153793276,51.001630766286944,118.23135801842768,0.0010108599706286714,5.0887613,235,False,True,1,True,2.0327445647377305,2.8766977110902623,1.7936584771990611,3.1530543484840647,0.07016052150804283,0.6648055241727928,0.20233322432953693,0.07016052150804283,0.6648055241727928,0.257932184529943,1.1473753709303294,0.07016052150804283,0.07016052150804283,0.07016052150804283,0.4178902247724041
chest_xray_dataset/test/pneumonia/pneumonia-532.jpg,pneumonia-532.jpg,test,pneumonia,726,436,3,1.665137614678899,316536,30.29296875,RGB,138.676927742816,138.676927742816,138.676927742816,30.152291996592773,30.152291996592773,30.152291996592773,0.0,True,138.676927742816,30.15229199659328,31,196,165,138.676927742816,30.15229199659328,12.500434714206474,0.005354841155508378,4.7463307,166,False,True,1,True,1.686628341740777,1.4067973897328654,0.8535534463392852,0.8470489649878361,0.8827264863448715,2.9319491102985684,7.334914370727726,0.8827264863448715,2.9319491102985684,1.2292482014739725,0.6166973189888745,0.8827264863448715,0.8827264863448715,0.8827264863448715,0.4178902247724041
chest_xray_dataset/test/pneumonia/pneumonia-55.jpg,pneumonia-55.jpg,test,pneumonia,1216,680,3,1.7882352941176471,826880,106.5498046875,RGB,141.47496009094428,141.47496009094428,141.47496009094428,73.32954277117261,73.32954277117261,73.32954277117261,0.0,True,141.47496009094428,73.3295427710462,0,255,255,141.47496009094428,73.3295427710462,346.5167770875424,0.04408015673374613,5.0026255,256,False,True,1,True,0.29115152384302156,0.7452956146690407,1.3493919977766122,0.5028682254691615,1.0360637248373776,1.7631171573250064,0.20233322432953693,1.0360637248373776,1.7631171573250064,1.8392526034871162,4.114141549146409,1.0360637248373776,1.0360637248373776,1.0360637248373776,0.4178902247724041
chest_xray_dataset/test/pneumonia/pneumonia-53.jpg,pneumonia-53.jpg,test,pneumonia,858,522,3,1.6436781609195403,447876,53.267578125,RGB,132.67729237556824,132.67729237556824,132.67729237556824,47.17865866799151,47.17865866799151,47.17865866799151,0.0,True,132.67729237556824,47.178658667987655,0,196,196,132.67729237556824,47.178658667987655,42.886673977659214,0.003648331234538131,4.791663,197,False,True,1,True,1.3107039744703612,1.1736451247513535,0.7671145750690008,0.7433544181629314,0.5539356059280871,1.0805130326140486,4.738751310208002,0.5539356059280871,1.0805130326140486,0.9500995856393953,0.8251713712318826,0.5539356059280871,0.5539356059280871,0.5539356059280871,0.4178902247724041
chest_xray_dataset/test/pneumonia/pneumonia-502.jpg,pneumonia-502.jpg,test,pneumonia,790,519,3,1.5221579961464355,410010,35.779296875,RGB,142.6337528352967,142.6337528352967,142.6337528352967,34.6425508985692,34.6425508985692,34.6425508985692,0.0,True,142.6337528352967,34.6425508985552,0,201,201,142.6337528352967,34.6425508985552,9.776408030056588,0.0026560327796883005,4.8400173,202,False,True,1,True,1.5043619818520906,1.1817783432972202,0.27763026678434805,0.8222867459934335,1.099567665212839,2.4436812672711077,4.320015332704821,1.099567665212839,2.4436812672711077,1.254272959285693,0.9463945047015101,1.099567665212839,1.099567665212839,1.099567665212839,0.4178902247724041
chest_xray_dataset/test/pneumonia/pneumonia-77.jpg,pneumonia-77.jpg,test,pneumonia,1076,630,3,1.7079365079365079,677880,67.431640625,RGB,117.38894789638285,117.38894789638285,117.38894789638285,39.436683958667295,39.436683958667295,39.436683958667295,0.0,True,117.38894789638285,39.43668395866733,17,208,191,117.38894789638285,39.43668395866733,17.213419720065534,0.001426506166283118,4.980357,191,False,True,1,True,0.6898591860995231,0.8808492571001524,1.025947770364971,0.6794257559531032,0.2838933509560655,1.9223703452160745,5.1574872877111835,0.2838933509560655,1.9223703452160745,1.1859515226902624,1.096598375354349,0.2838933509560655,0.2838933509560655,0.2838933509560655,0.4178902247724041
chest_xray_dataset/test/pneumonia/pneumonia-519.jpg,pneumonia-519.jpg,test,pneumonia,1136,760,3,1.4947368421052631,863360,123.44921875,RGB,128.82671307449962,128.82671307449962,128.82671307449962,66.46555314629231,66.46555314629231,66.46555314629231,0.0,True,128.82671307449962,66.46555314631652,0,255,255,128.82671307449962,66.46555314631652,389.63735242853164,0.04768578576723499,5.114867,255,False,True,1,True,0.5189844737038796,0.5284097867792621,0.16717761357019742,0.426593715020935,0.3429168887866529,1.0167313738314796,0.20233322432953693,0.3429168887866529,1.0167313738314796,2.2353874728292857,4.554619560003265,0.3429168887866529,0.3429168887866529,0.3429168887866529,0.4178902247724041
chest_xray_dataset/test/pneumonia/pneumonia-151.jpg,pneumonia-151.jpg,test,pneumonia,1924,2102,3,0.9153187440532826,4044248,837.033203125,RGB,117.13789856606222,117.13789856606222,117.13789856606222,61.74400359874913,61.74400359874913,61.74400359874913,0.0,True,117.13789856606222,61.744003598595086,0,255,255,117.13789856606222,61.744003598595086,91.81480561265361,0.002343328104507933,5.160694,256,False,True,1,True,1.725170082425572,3.109849976071774,2.1667236567427075,2.7941255874710382,0.29765130878043045,0.503313135875102,0.20233322432953693,0.29765130878043045,0.503313135875102,0.5006125628175815,0.9845957539231498,0.29765130878043045,0.29765130878043045,0.29765130878043045,0.4178902247724041
chest_xray_dataset/test/pneumonia/pneumonia-92.jpg,pneumonia-92.jpg,test,pneumonia,721,349,3,2.0659025787965617,251629,29.515625,RGB,128.76617162568704,128.76617162568704,128.76617162568704,34.982503832363946,34.982503832363946,34.982503832363946,0.0,True,128.76617162568704,34.982503832369936,0,207,207,128.76617162568704,34.982503832369936,33.81568096560105,0.011469266261043044,4.90148,207,False,True,1,True,1.7008679011070806,1.6426607275629996,2.4678382986691956,0.850557460238734,0.3395991077819167,2.406715005559104,3.8175321597010035,0.3395991077819167,2.406715005559104,1.0334318835788354,0.1302652173686385,0.3395991077819167,0.3395991077819167,0.3395991077819167,0.4178902247724041
chest_xray_dataset/test/pneumonia/pneumonia-287.jpg,pneumonia-287.jpg,test,pneumonia,932,588,3,1.5850340136054422,548016,56.5166015625,RGB,142.90707205629033,142.90707205629033,142.90707205629033,47.73880618694785,47.73880618694785,47.73880618694785,0.0,True,142.90707205629033,47.73880618696231,0,209,209,142.90707205629033,47.73880618696231,23.416595344066018,0.012359128200636478,4.9290266,208,False,True,1,True,1.0999584958490676,0.994714316742286,0.5308954262834341,0.7286901421582362,1.1145460533655434,1.019602954411779,3.6500377686997307,1.1145460533655434,1.019602954411779,1.1289649415538061,0.2389742979337205,1.1145460533655434,1.1145460533655434,1.1145460533655434,0.4178902247724041
chest_xray_dataset/val/pneumonia/pneumonia-5553.jpg,pneumonia-5553.jpg,val,pneumonia,711,537,3,1.324022346368715,381807,37.2568359375,RGB,141.06008271194608,141.06008271194608,141.06008271194608,40.00834469757218,40.00834469757218,40.00834469757218,0.0,True,141.06008271194608,40.00834469757783,0,203,203,141.06008271194608,40.00834469757783,20.6711845512424,0.013813261674091883,4.866496,204,False,True,1,True,1.7293470198396879,1.1329790320220199,0.5204618988991088,0.8156179604223173,1.0133276933361164,1.8602083269392757,4.152520941703548,1.0133276933361164,1.8602083269392757,1.1541861483003675,0.4166170376495797,1.0133276933361164,1.0133276933361164,1.0133276933361164,0.4178902247724041
chest_xray_dataset/test/pneumonia/pneumonia-282.jpg,pneumonia-282.jpg,test,pneumonia,1352,944,3,1.4322033898305084,1276288,178.3115234375,RGB,103.79561352923479,103.79561352923479,103.79561352923479,67.14558945521676,67.14558945521676,67.14558945521676,0.0,True,103.79561352923479,67.14558945518088,0,255,255,103.79561352923479,67.14558945518088,309.61596675527665,0.040561377996188946,5.2383747,256,False,True,1,True,0.09616449092043712,0.029572382632771354,0.08470769030929635,0.17897593273425966,1.0288326848983886,1.0906780813508343,0.20233322432953693,1.0288326848983886,1.0906780813508343,1.5002567166280398,3.6842735165316296,1.0288326848983886,1.0288326848983886,1.0288326848983886,0.4178902247724041
chest_xray_dataset/test/pneumonia/pneumonia-42.jpg,pneumonia-42.jpg,test,pneumonia,1948,1905,3,1.0225721784776902,3710940,894.3076171875,RGB,141.16337747309308,141.16337747309308,141.16337747309308,61.46699898755501,61.46699898755501,61.46699898755501,0.0,True,141.16337747309308,61.466998987503615,0,255,255,141.16337747309308,61.466998987503615,137.7183694569701,0.003612561776800487,5.301674,256,False,True,1,True,1.7935199673838296,2.575768624893194,1.7347058656344805,3.052630283413138,1.0189884332613066,0.4731918339815302,0.20233322432953693,1.0189884332613066,0.4731918339815302,0.0789112723776316,0.8295411107273682,1.0189884332613066,1.0189884332613066,1.0189884332613066,0.4178902247724041
chest_xray_dataset/test/pneumonia/pneumonia-543.jpg,pneumonia-543.jpg,test,pneumonia,1296,824,3,1.5728155339805825,1067904,154.9365234375,RGB,118.71160235376962,118.71160235376962,118.71160235376962,65.03278666969948,65.03278666969948,65.03278666969948,2.0194839173657902e-28,True,118.71160235376962,65.03278666970596,0,255,255,118.71160235376962,65.03278666970596,514.9256913932505,0.011045000299652403,5.1217093,256,False,True,1,True,0.0633185739821635,0.35490112446743927,0.481679281303451,0.2844776190728179,0.2114094920360065,0.8609332756881782,0.20233322432953693,0.2114094920360065,0.8609332756881782,3.386371182889119,0.07843519686128943,0.2114094920360065,0.2114094920360065,0.2114094920360065,2.2580343735567574
chest_xray_dataset/test/pneumonia/pneumonia-351.jpg,pneumonia-351.jpg,test,pneumonia,1152,512,3,2.25,589824,67.8603515625,RGB,120.77983093261719,120.77983093261719,120.77983093261719,78.50981757543896,78.50981757543896,78.50981757543896,0.0,True,120.77983093261719,78.5098175758818,0,255,255,120.77983093261719,78.5098175758818,223.18550444598736,0.021847195095486112,4.7002273,256,False,True,1,True,0.47341788373170796,1.2007558532375757,3.2093843543629696,0.6774907943762889,0.09806682140394213,2.3264168824569857,0.20233322432953693,0.09806682140394213,2.3264168824569857,0.7062478328567746,1.398074358950316,0.09806682140394213,0.09806682140394213,0.09806682140394213,0.4178902247724041
chest_xray_dataset/test/pneumonia/pneumonia-258.jpg,pneumonia-258.jpg,test,pneumonia,2016,2184,3,0.9230769230769231,4402944,338.5087890625,RGB,124.3446019299814,124.3446019299814,124.3446019299814,48.53709267308843,48.53709267308843,48.53709267308843,2.0194839173657902e-28,True,124.3446019299814,48.537092673146006,0,255,255,124.3446019299814,48.537092673146006,44.09987079217909,0.0022241936304436306,5.049375,239,False,True,1,True,1.987177974765559,3.332157949658797,2.135473642393026,0.5440649943358342,0.09728908324085372,0.9327977992443164,0.20233322432953693,0.09728908324085372,0.9327977992443164,0.9389543363516537,0.9991496960156186,0.09728908324085372,0.09728908324085372,0.09728908324085372,2.2580343735567574
chest_xray_dataset/test/pneumonia/pneumonia-554.jpg,pneumonia-554.jpg,test,pneumonia,645,462,3,1.396103896103896,297990,40.1318359375,RGB,147.893251451391,147.893251451391,147.893251451391,32.77440491091207,32.77440491091207,32.77440491091207,0.0,True,147.893251451391,32.77440491091438,43,211,168,147.893251451391,32.77440491091438,64.52600885122462,0.004798818752307124,4.7666535,165,False,True,1,True,1.9173092034748958,1.3363094956686874,0.23011677323137467,0.8026418171828155,1.387797711654776,2.6468222512903683,7.083672784225818,1.387797711654776,2.6468222512903683,0.7513059697146355,0.6846232314660525,1.387797711654776,1.387797711654776,1.387797711654776,0.4178902247724041
chest_xray_dataset/test/pneumonia/pneumonia-309.jpg,pneumonia-309.jpg,test,pneumonia,467,217,3,2.152073732718894,101339,12.896484375,RGB,134.92841847659835,134.92841847659835,134.92841847659835,56.054227707575194,56.054227707575194,56.054227707575194,0.0,True,134.92841847659835,56.05422770757413,0,214,214,134.92841847659835,56.05422770757413,29.265499871900914,0.029435853916063903,4.9699078,215,False,True,1,True,2.424237516915305,2.0005223435811343,2.8149364757537816,0.9255669730274032,0.6773013919102486,0.11538940717973299,3.2313017911965494,0.6773013919102486,0.11538940717973299,1.0752329351367613,2.3251351606338018,0.6773013919102486,0.6773013919102486,0.6773013919102486,0.4178902247724041
chest_xray_dataset/test/pneumonia/pneumonia-386.jpg,pneumonia-386.jpg,test,pneumonia,2352,2166,3,1.0858725761772854,5094432,333.537109375,RGB,143.0990377337454,143.0990377337454,143.0990377337454,70.09733462154465,70.09733462154465,70.09733462154465,0.0,True,143.0990377337454,70.09733462169847,0,255,255,143.0990377337454,70.09733462169847,16.807668244221116,0.000984996953536724,5.1459618,256,False,True,1,True,2.9440763641811625,3.283358638383597,1.4797312987386713,0.5216256107650789,1.1250661200423973,1.4116489378403239,0.20233322432953693,1.1250661200423973,1.4116489378403239,1.1896790311151382,1.1505349001602108,1.1250661200423973,1.1250661200423973,1.1250661200423973,0.4178902247724041
chest_xray_dataset/test/pneumonia/pneumonia-182.jpg,pneumonia-182.jpg,test,pneumonia,499,261,3,1.9118773946360152,130239,16.2958984375,RGB,118.04749729343744,118.04749729343744,118.04749729343744,49.786067577515,49.786067577515,49.786067577515,0.0,True,118.04749729343744,49.786067577517464,0,191,191,118.04749729343744,49.786067577517464,31.866388695766652,0.01947189397952994,4.828905,192,False,True,1,True,2.333104336970962,1.881235138241756,1.8474234821816562,0.9102239177907504,0.24780365169908344,0.796985077557728,5.1574872877111835,0.24780365169908344,0.796985077557728,1.0513394052784946,1.1078981092516444,0.24780365169908344,0.24780365169908344,0.24780365169908344,0.4178902247724041
chest_xray_dataset/test/pneumonia/pneumonia-544.jpg,pneumonia-544.jpg,test,pneumonia,1676,1400,3,1.197142857142857,2346400,714.73828125,RGB,155.07088092396864,155.07088092396864,155.07088092396864,60.33222592320433,60.33222592320433,60.33222592320433,0.0,True,155.07088092396864,60.33222592317059,0,255,255,155.07088092396864,60.33222592317059,520.541304771498,0.00928528810092056,5.238001,256,False,True,1,True,1.0188879378569122,1.2066768363389666,1.0315336139119125,2.24215465748367,1.7811448017924978,0.3497973463707027,0.20233322432953693,1.7811448017924978,0.3497973463707027,3.4379600184804104,0.13653825763963945,1.7811448017924978,1.7811448017924978,1.7811448017924978,0.4178902247724041
chest_xray_dataset/test/pneumonia/pneumonia-421.jpg,pneumonia-421.jpg,test,pneumonia,1096,488,3,2.2459016393442623,534848,63.3359375,RGB,105.30440424195285,105.30440424195285,105.30440424195285,73.16083226499411,73.16083226499411,73.16083226499411,0.0,True,105.30440424195285,73.1608322649142,0,255,255,105.30440424195285,73.1608322649142,206.9130422283311,0.015570778987675003,4.6765,252,False,True,1,True,0.6329009486343086,1.2658216016045094,3.1928761210634145,0.6979114708805728,0.9461482221879807,1.7447716862232954,0.20233322432953693,0.9461482221879807,1.7447716862232954,0.5567579514372386,0.6313223562343093,0.9461482221879807,0.9461482221879807,0.9461482221879807,0.4178902247724041
chest_xray_dataset/test/pneumonia/pneumonia-63.jpg,pneumonia-63.jpg,test,pneumonia,1016,696,3,1.4597701149425288,707136,95.10546875,RGB,128.0699554258304,128.0699554258304,128.0699554258304,56.650744488313855,56.650744488313855,56.650744488313855,0.0,True,128.0699554258304,56.65074448830799,0,255,255,128.0699554258304,56.65074448830799,194.32043906681182,0.035222361752194765,5.2367268,256,False,True,1,True,0.8607338984951667,0.701918449091085,0.026331324477465137,0.5545215619581975,0.30144519953593857,0.050524559023349624,0.20233322432953693,0.30144519953593857,0.050524559023349624,0.44107375268480625,3.0320380166384426,0.30144519953593857,0.30144519953593857,0.30144519953593857,0.4178902247724041
chest_xray_dataset/test/pneumonia/pneumonia-230.jpg,pneumonia-230.jpg,test,pneumonia,2024,2036,3,0.9941060903732809,4120864,995.5498046875,RGB,138.9591309007043,138.9591309007043,138.9591309007043,60.71667594590833,60.71667594590833,60.71667594590833,0.0,True,138.9591309007043,60.71667594595624,0,255,255,138.9591309007043,60.71667594595624,147.31550592245276,0.0038562301497938297,5.306302,256,False,True,1,True,2.0099612697516447,2.9309191680627067,1.8493675225814814,3.5095809362411376,0.8981917303237004,0.3916021927004744,0.20233322432953693,0.8981917303237004,0.3916021927004744,0.009254536398094428,0.7997736112847039,0.8981917303237004,0.8981917303237004,0.8981917303237004,0.4178902247724041
chest_xray_dataset/test/pneumonia/pneumonia-541.jpg,pneumonia-541.jpg,test,pneumonia,1386,1158,3,1.1968911917098446,1604988,545.3447265625,RGB,146.01432658686545,146.01432658686545,146.01432658686545,56.12006306080568,56.12006306080568,56.12006306080568,0.0,True,146.01432658686545,56.12006306082989,0,255,255,146.01432658686545,56.12006306082989,695.4803942529785,0.023469957407781242,5.265356,256,False,True,1,True,0.19299349461130177,0.5505972069723863,1.0325473245222236,1.4776068211451017,1.2848292273004116,0.10823051353217569,0.20233322432953693,1.2848292273004116,0.10823051353217569,5.045069218823342,1.5963174695904552,1.2848292273004116,1.2848292273004116,1.2848292273004116,0.4178902247724041
chest_xray_dataset/test/pneumonia/pneumonia-35.jpg,pneumonia-35.jpg,test,pneumonia,845,556,3,1.5197841726618706,469820,47.5966796875,RGB,111.97578859988931,111.97578859988931,111.97578859988931,37.768454745243176,37.768454745243176,37.768454745243176,0.0,True,111.97578859988931,37.768454745248214,0,181,181,111.97578859988931,37.768454745248214,20.915102975817888,0.008049891447788515,4.8901772,182,False,True,1,True,1.3477268288227506,1.0814686478981976,0.26806848460192867,0.7689496843965546,0.5805442808853067,2.103772508765186,5.994959242717546,0.5805442808853067,2.103772508765186,1.1519453481142552,0.287459235737122,0.5805442808853067,0.5805442808853067,0.5805442808853067,0.4178902247724041
chest_xray_dataset/test/pneumonia/pneumonia-112.jpg,pneumonia-112.jpg,test,pneumonia,846,539,3,1.5695732838589982,455994,40.697265625,RGB,145.08706693509126,145.08706693509126,145.08706693509126,38.04732051508019,38.04732051508019,38.04732051508019,0.0,True,145.08706693509126,38.047320515083385,0,214,214,145.08706693509126,38.047320515083385,10.950381461940914,0.0033728513971675064,4.8963947,215,False,True,1,True,1.34487891694949,1.1275568863247756,0.4686194688763305,0.8000897835769488,1.2340137195870395,2.073448825675973,3.2313017911965494,1.2340137195870395,2.073448825675973,1.2434880426102282,0.8588250859288629,1.2340137195870395,1.2340137195870395,1.2340137195870395,0.4178902247724041
chest_xray_dataset/test/pneumonia/pneumonia-177.jpg,pneumonia-177.jpg,test,pneumonia,806,554,3,1.4548736462093863,446524,55.876953125,RGB,141.1049865180819,141.1049865180819,141.1049865180819,34.645550407515046,34.645550407515046,34.645550407515046,0.0,True,141.1049865180819,34.64555040751166,8,206,198,141.1049865180819,34.64555040751166,43.14638730412592,0.009193234854117584,4.836927,196,False,True,1,True,1.458795391879919,1.086890793595442,0.006608304718935664,0.7315771577227314,1.0157885032103386,2.4433551026110543,4.571256919206729,1.0157885032103386,2.4433551026110543,0.9477136827651237,0.14778384909347117,1.0157885032103386,1.0157885032103386,1.0157885032103386,0.4178902247724041
chest_xray_dataset/test/pneumonia/pneumonia-195.jpg,pneumonia-195.jpg,test,pneumonia,1184,848,3,1.3962264150943395,1004032,130.4375,RGB,120.63755736868944,120.63755736868944,120.63755736868944,60.426531417752926,60.426531417752926,60.426531417752926,0.0,True,120.63755736868944,60.42653141772752,0,255,255,120.63755736868944,60.42653141772752,485.67251734109476,0.012481673890872003,5.1877155,255,False,True,1,True,0.3822847037873648,0.28983537610050564,0.22962326564437519,0.39505251902165683,0.10586367029232645,0.3600520647328956,0.20233322432953693,0.10586367029232645,0.3600520647328956,3.1176316730528706,0.25394496778707304,0.10586367029232645,0.10586367029232645,0.10586367029232645,0.4178902247724041
chest_xray_dataset/test/pneumonia/pneumonia-180.jpg,pneumonia-180.jpg,test,pneumonia,754,411,3,1.8345498783454988,309894,39.9716796875,RGB,114.51360465191324,114.51360465191324,114.51360465191324,47.08679431884795,47.08679431884795,47.08679431884795,0.0,True,114.51360465191324,47.08679431884806,0,186,186,114.51360465191324,47.08679431884806,51.08542696616398,0.013411037322439286,4.8216963,186,False,True,1,True,1.6068868092894768,1.4745742109484212,1.5359475564082994,0.8033646729882769,0.4414673665388321,1.0905023024055778,5.576223265214365,0.4414673665388321,1.0905023024055778,0.8747802765117461,0.36747970802177515,0.4414673665388321,0.4414673665388321,0.4414673665388321,0.4178902247724041
